mc	mn	quarterbeats	quarterbeats_all_endings	duration_qb	mc_onset	mn_onset	event	timesig	staff	voice	duration	nominal_duration	scalar	chord_id	lyrics_1	dynamics	articulation	tempo	qpm	metronome_base	metronome_number	tempo_visible	slur	pedal	Pedal_<sym>keyboardPedalPed</sym>	diminuendo_line	decrescendo_hairpin	crescendo_hairpin
1	1	0	0	0.0	0	0	Tempo	6/8	1	1	0							ùÖü.=40	60.0	ùÖü.	40.0	0.0						
1	1	5/2	5/2	0.0	5/8	5/8	Dynamic	6/8	1	1	0					p												
1	1	5/2	5/2	0.5	5/8	5/8	Chord	6/8	1	1	1/8	1/8	1	0	1.¬†Der													
1	1	0	0	0.0	0	0	Dynamic	6/8	2	1	0					p												
1	1	1	1	0.5	1/4	1/4	Chord	6/8	2	1	1/8	1/8	1	1									0					
1	1	3/2	3/2	0.5	3/8	3/8	Chord	6/8	2	1	1/8	1/8	1	2									0					
1	1	2	2	0.5	1/2	1/2	Chord	6/8	2	1	1/8	1/8	1	3									0					
1	1	5/2	5/2	0.5	5/8	5/8	Chord	6/8	2	1	1/8	1/8	1	4									0					
1	1	0	0	0.5	0	0	Chord	6/8	3	1	1/8	1/8	1	5									1					
1	1	1/2	1/2	0.5	1/8	1/8	Chord	6/8	3	1	1/8	1/8	1	6														
1	1	1	1	0.5	1/4	1/4	Chord	6/8	3	1	1/8	1/8	1	7									2					
1	1	3/2	3/2	0.5	3/8	3/8	Chord	6/8	3	1	1/8	1/8	1	8									2					
1	1	2	2	0.5	1/2	1/2	Chord	6/8	3	1	1/8	1/8	1	9									2					
1	1	5/2	5/2	0.5	5/8	5/8	Chord	6/8	3	1	1/8	1/8	1	10									2					
2	2	3	3	1.0	0	0	Chord	6/8	1	1	1/4	1/4	1	11	Mond													
2	2	4	4	0.5	1/4	1/4	Chord	6/8	1	1	1/8	1/8	1	12	kommt													
2	2	9/2	9/2	1.0	3/8	3/8	Chord	6/8	1	1	1/4	1/4	1	13	still													
2	2	11/2	11/2	0.5	5/8	5/8	Chord	6/8	1	1	1/8	1/8	1	14	ge-													
2	2	3	3	0.5	0	0	Chord	6/8	2	1	1/8	1/8	1	15									0					
2	2	7/2	7/2	0.5	1/8	1/8	Chord	6/8	2	1	1/8	1/8	1	16									0					
2	2	4	4	0.5	1/4	1/4	Chord	6/8	2	1	1/8	1/8	1	17									0					
2	2	9/2	9/2	0.5	3/8	3/8	Chord	6/8	2	1	1/8	1/8	1	18									0					
2	2	5	5	0.5	1/2	1/2	Chord	6/8	2	1	1/8	1/8	1	19									0					
2	2	11/2	11/2	0.5	5/8	5/8	Chord	6/8	2	1	1/8	1/8	1	20														
2	2	3	3	0.5	0	0	Chord	6/8	3	1	1/8	1/8	1	21									2					
2	2	7/2	7/2	0.5	1/8	1/8	Chord	6/8	3	1	1/8	1/8	1	22									2					
2	2	4	4	0.5	1/4	1/4	Chord	6/8	3	1	1/8	1/8	1	23									2					
2	2	9/2	9/2	0.5	3/8	3/8	Chord	6/8	3	1	1/8	1/8	1	24									2					
2	2	5	5	0.5	1/2	1/2	Chord	6/8	3	1	1/8	1/8	1	25									2					
2	2	11/2	11/2	0.5	5/8	5/8	Chord	6/8	3	1	1/8	1/8	1	26														
3	3	6	6	1.0	0	0	Chord	6/8	1	1	1/4	1/4	1	27	-gan-													
3	3	7	7	0.5	1/4	1/4	Chord	6/8	1	1	1/8	1/8	1	28	-gen,													
3	3	17/2	17/2	0.5	5/8	5/8	Chord	6/8	1	1	1/8	1/8	1	29	mit													
3	3	7	7	0.5	1/4	1/4	Chord	6/8	2	1	1/8	1/8	1	30									3					
3	3	15/2	15/2	0.5	3/8	3/8	Chord	6/8	2	1	1/8	1/8	1	31									3					
3	3	8	8	0.5	1/2	1/2	Chord	6/8	2	1	1/8	1/8	1	32									3					
3	3	17/2	17/2	0.5	5/8	5/8	Chord	6/8	2	1	1/8	1/8	1	33									3					
3	3	6	6	0.5	0	0	Chord	6/8	3	1	1/8	1/8	1	34									4					
3	3	13/2	13/2	0.5	1/8	1/8	Chord	6/8	3	1	1/8	1/8	1	35									4					
3	3	7	7	0.5	1/4	1/4	Chord	6/8	3	1	1/8	1/8	1	36									4					
3	3	15/2	15/2	0.5	3/8	3/8	Chord	6/8	3	1	1/8	1/8	1	37									4					
3	3	8	8	0.5	1/2	1/2	Chord	6/8	3	1	1/8	1/8	1	38									4					
3	3	17/2	17/2	0.5	5/8	5/8	Chord	6/8	3	1	1/8	1/8	1	39									4					
4	4	9	9	1.0	0	0	Chord	6/8	1	1	1/4	1/4	1	40	sei-													
4	4	10	10	0.5	1/4	1/4	Chord	6/8	1	1	1/8	1/8	1	41	-nem													
4	4	21/2	21/2	0.5	3/8	3/8	Chord	6/8	1	1	1/8	1/8	1	42	gold'-													
4	4	11	11	0.5	1/2	1/2	Chord	6/8	1	1	1/8	1/8	1	43														
4	4	23/2	23/2	0.5	5/8	5/8	Chord	6/8	1	1	1/8	1/8	1	44	nen													
4	4	9	9	0.5	0	0	Chord	6/8	2	1	1/8	1/8	1	45									3					
4	4	19/2	19/2	0.5	1/8	1/8	Chord	6/8	2	1	1/8	1/8	1	46									3					
4	4	10	10	0.5	1/4	1/4	Chord	6/8	2	1	1/8	1/8	1	47									3					
4	4	21/2	21/2	0.5	3/8	3/8	Chord	6/8	2	1	1/8	1/8	1	48									3					
4	4	11	11	0.5	1/2	1/2	Chord	6/8	2	1	1/8	1/8	1	49									3					
4	4	23/2	23/2	0.5	5/8	5/8	Chord	6/8	2	1	1/8	1/8	1	50														
4	4	9	9	0.5	0	0	Chord	6/8	3	1	1/8	1/8	1	51									4					
4	4	19/2	19/2	0.5	1/8	1/8	Chord	6/8	3	1	1/8	1/8	1	52									4					
4	4	10	10	0.5	1/4	1/4	Chord	6/8	3	1	1/8	1/8	1	53									4					
4	4	21/2	21/2	0.5	3/8	3/8	Chord	6/8	3	1	1/8	1/8	1	54									4					
4	4	11	11	0.5	1/2	1/2	Chord	6/8	3	1	1/8	1/8	1	55									4					
4	4	23/2	23/2	0.5	5/8	5/8	Chord	6/8	3	1	1/8	1/8	1	56														
5	5	12	12	1.5	0	0	Chord	6/8	1	1	3/8	1/4	3/2	57	Schein,													
5	5	27/2	27/2	0.5	3/8	3/8	Chord	6/8	1	1	1/8	1/8	1	58														
5	5	29/2	29/2	0.5	5/8	5/8	Chord	6/8	1	1	1/8	1/8	1	59	da													
5	5	13	13	0.5	1/4	1/4	Chord	6/8	2	1	1/8	1/8	1	60														
5	5	27/2	27/2	0.5	3/8	3/8	Chord	6/8	2	1	1/8	1/8	1	61														
5	5	14	14	0.5	1/2	1/2	Chord	6/8	2	1	1/8	1/8	1	62														
5	5	29/2	29/2	0.5	5/8	5/8	Chord	6/8	2	1	1/8	1/8	1	63														
5	5	12	12	0.5	0	0	Chord	6/8	3	1	1/8	1/8	1	64									5					
5	5	25/2	25/2	0.5	1/8	1/8	Chord	6/8	3	1	1/8	1/8	1	65														
5	5	13	13	0.5	1/4	1/4	Chord	6/8	3	1	1/8	1/8	1	66														
5	5	27/2	27/2	0.5	3/8	3/8	Chord	6/8	3	1	1/8	1/8	1	67														
5	5	14	14	0.5	1/2	1/2	Chord	6/8	3	1	1/8	1/8	1	68														
5	5	29/2	29/2	0.5	5/8	5/8	Chord	6/8	3	1	1/8	1/8	1	69														
6	6	15	15	1.0	0	0	Chord	6/8	1	1	1/4	1/4	1	70	schl√§ft													
6	6	16	16	0.5	1/4	1/4	Chord	6/8	1	1	1/8	1/8	1	71	in													
6	6	33/2	33/2	0.0	3/8	3/8	Spanner	6/8	1	1	0																	0
6	6	33/2	33/2	0.5	3/8	3/8	Chord	6/8	1	1	1/8	1/8	1	72	hol-													0
6	6	17	17	0.5	1/2	1/2	Chord	6/8	1	1	1/8	1/8	1	73														0
6	6	35/2	35/2	0.5	5/8	5/8	Chord	6/8	1	1	1/8	1/8	1	74	-dem													0
6	6	31/2	31/2	0.5	1/8	1/8	Chord	6/8	2	1	1/8	1/8	1	75														
6	6	16	16	0.5	1/4	1/4	Chord	6/8	2	1	1/8	1/8	1	76														
6	6	33/2	33/2	0.0	3/8	3/8	Spanner	6/8	2	1	0																	1
6	6	33/2	33/2	0.5	3/8	3/8	Chord	6/8	2	1	1/8	1/8	1	77														1
6	6	17	17	0.5	1/2	1/2	Chord	6/8	2	1	1/8	1/8	1	78														1
6	6	35/2	35/2	0.5	5/8	5/8	Chord	6/8	2	1	1/8	1/8	1	79														1
6	6	15	15	0.5	0	0	Chord	6/8	3	1	1/8	1/8	1	80														
6	6	31/2	31/2	0.5	1/8	1/8	Chord	6/8	3	1	1/8	1/8	1	81														
6	6	16	16	0.5	1/4	1/4	Chord	6/8	3	1	1/8	1/8	1	82														
6	6	33/2	33/2	0.5	3/8	3/8	Chord	6/8	3	1	1/8	1/8	1	83														
6	6	17	17	0.5	1/2	1/2	Chord	6/8	3	1	1/8	1/8	1	84														
6	6	35/2	35/2	0.5	5/8	5/8	Chord	6/8	3	1	1/8	1/8	1	85														
7	7	18	18	1.0	0	0	Chord	6/8	1	1	1/4	1/4	1	86	Pran-													0
7	7	19	19	0.0	1/4	1/4	Spanner	6/8	1	1	0																	
7	7	19	19	0.5	1/4	1/4	Chord	6/8	1	1	1/8	1/8	1	87	-gen													
7	7	41/2	41/2	0.5	5/8	5/8	Chord	6/8	1	1	1/8	1/8	1	88	die													
7	7	37/2	37/2	0.0	1/8	1/8	Spanner	6/8	2	1	0																	
7	7	37/2	37/2	0.5	1/8	1/8	Chord	6/8	2	1	1/8	1/8	1	89														
7	7	19	19	0.5	1/4	1/4	Chord	6/8	2	1	1/8	1/8	1	90														
7	7	39/2	39/2	0.0	3/8	3/8	Spanner	6/8	2	1	0																0	
7	7	39/2	39/2	0.5	3/8	3/8	Chord	6/8	2	1	1/8	1/8	1	91													0	
7	7	20	20	0.5	1/2	1/2	Chord	6/8	2	1	1/8	1/8	1	92													0	
7	7	41/2	41/2	0.5	5/8	5/8	Chord	6/8	2	1	1/8	1/8	1	93													0	
7	7	18	18	0.5	0	0	Chord	6/8	3	1	1/8	1/8	1	94														
7	7	37/2	37/2	0.5	1/8	1/8	Chord	6/8	3	1	1/8	1/8	1	95														
7	7	19	19	0.5	1/4	1/4	Chord	6/8	3	1	1/8	1/8	1	96														
7	7	39/2	39/2	0.5	3/8	3/8	Chord	6/8	3	1	1/8	1/8	1	97														
7	7	20	20	0.5	1/2	1/2	Chord	6/8	3	1	1/8	1/8	1	98														
7	7	41/2	41/2	0.5	5/8	5/8	Chord	6/8	3	1	1/8	1/8	1	99														
8	8	21	21	1.0	0	0	Chord	6/8	1	1	1/4	1/4	1	100	m√º-													
8	8	22	22	0.0	1/4	1/4	Spanner	6/8	1	1	0																1	
8	8	22	22	0.5	1/4	1/4	Chord	6/8	1	1	1/8	1/8	1	101	-de												1	
8	8	45/2	45/2	1.0	3/8	3/8	Chord	6/8	1	1	1/4	1/4	1	102	Er-												1	
8	8	47/2	47/2	0.5	5/8	5/8	Chord	6/8	1	1	1/8	1/8	1	103	-de												1	
8	8	21	21	0.0	0	0	Spanner	6/8	2	1	0																	
8	8	43/2	43/2	0.0	1/8	1/8	Spanner	6/8	2	1	0																	2
8	8	43/2	43/2	0.5	1/8	1/8	Chord	6/8	2	1	1/8	1/8	1	104														2
8	8	22	22	0.5	1/4	1/4	Chord	6/8	2	1	1/8	1/8	1	105														2
8	8	45/2	45/2	0.0	3/8	3/8	Spanner	6/8	2	1	0																	
8	8	45/2	45/2	0.0	3/8	3/8	Spanner	6/8	2	1	0																2	
8	8	45/2	45/2	0.5	3/8	3/8	Chord	6/8	2	1	1/8	1/8	1	106													2	
8	8	23	23	0.5	1/2	1/2	Chord	6/8	2	1	1/8	1/8	1	107													2	
8	8	47/2	47/2	0.5	5/8	5/8	Chord	6/8	2	1	1/8	1/8	1	108													2	
8	8	21	21	0.5	0	0	Chord	6/8	3	1	1/8	1/8	1	109														
8	8	43/2	43/2	0.5	1/8	1/8	Chord	6/8	3	1	1/8	1/8	1	110														
8	8	22	22	0.5	1/4	1/4	Chord	6/8	3	1	1/8	1/8	1	111														
8	8	45/2	45/2	0.5	3/8	3/8	Chord	6/8	3	1	1/8	1/8	1	112														
8	8	23	23	0.5	1/2	1/2	Chord	6/8	3	1	1/8	1/8	1	113														
8	8	47/2	47/2	0.5	5/8	5/8	Chord	6/8	3	1	1/8	1/8	1	114														
9	9	24	24	0.0	0	0	Spanner	6/8	1	1	0																	
9	9	24	24	3.0	0	0	Chord	6/8	1	1	3/4	1/2	3/2	115	ein.													
9	9	24	24	0.0	0	0	Spanner	6/8	2	1	0																	
9	9	25	25	0.5	1/4	1/4	Chord	6/8	2	1	1/8	1/8	1	116									6					
9	9	51/2	51/2	0.5	3/8	3/8	Chord	6/8	2	1	1/8	1/8	1	117									6					
9	9	26	26	0.5	1/2	1/2	Chord	6/8	2	1	1/8	1/8	1	118									6					
9	9	53/2	53/2	0.5	5/8	5/8	Chord	6/8	2	1	1/8	1/8	1	119														
9	9	24	24	0.0	0	0	Spanner	6/8	3	1	0													0	0			
9	9	24	24	0.5	0	0	Chord	6/8	3	1	1/8	1/8	1	120									7	0	0			
9	9	49/2	49/2	0.5	1/8	1/8	Chord	6/8	3	1	1/8	1/8	1	121									7	0	0			
9	9	25	25	0.5	1/4	1/4	Chord	6/8	3	1	1/8	1/8	1	122									7	0	0			
9	9	51/2	51/2	0.5	3/8	3/8	Chord	6/8	3	1	1/8	1/8	1	123									7	0	0			
9	9	26	26	0.5	1/2	1/2	Chord	6/8	3	1	1/8	1/8	1	124									7	0	0			
9	9	53/2	53/2	0.5	5/8	5/8	Chord	6/8	3	1	1/8	1/8	1	125										0	0			
10	10	59/2	59/2	0.5	5/8	5/8	Chord	6/8	1	1	1/8	1/8	1	126	2.¬†Und													
10	10	28	28	0.5	1/4	1/4	Chord	6/8	2	1	1/8	1/8	1	127									8					
10	10	57/2	57/2	0.5	3/8	3/8	Chord	6/8	2	1	1/8	1/8	1	128									8					
10	10	29	29	0.5	1/2	1/2	Chord	6/8	2	1	1/8	1/8	1	129									8					
10	10	59/2	59/2	0.5	5/8	5/8	Chord	6/8	2	1	1/8	1/8	1	130									8					
10	10	27	27	0.5	0	0	Chord	6/8	3	1	1/8	1/8	1	131									9	0	0			
10	10	55/2	55/2	0.5	1/8	1/8	Chord	6/8	3	1	1/8	1/8	1	132									9	0	0			
10	10	28	28	0.5	1/4	1/4	Chord	6/8	3	1	1/8	1/8	1	133									9	0	0			
10	10	57/2	57/2	0.5	3/8	3/8	Chord	6/8	3	1	1/8	1/8	1	134									9	0	0			
10	10	29	29	0.5	1/2	1/2	Chord	6/8	3	1	1/8	1/8	1	135									9	0	0			
10	10	59/2	59/2	0.5	5/8	5/8	Chord	6/8	3	1	1/8	1/8	1	136									9	0	0			
10	10	27	27	1.5	0	0	Chord	6/8	3	2	3/8	1/4	3/2	137										0	0			
11	11	30	30	1.0	0	0	Chord	6/8	1	1	1/4	1/4	1	138	auf													
11	11	31	31	0.5	1/4	1/4	Chord	6/8	1	1	1/8	1/8	1	139	den													
11	11	63/2	63/2	1.0	3/8	3/8	Chord	6/8	1	1	1/4	1/4	1	140	L√ºf-													
11	11	65/2	65/2	0.5	5/8	5/8	Chord	6/8	1	1	1/8	1/8	1	141	-ten													
11	11	30	30	0.5	0	0	Chord	6/8	2	1	1/8	1/8	1	142									8					
11	11	61/2	61/2	0.5	1/8	1/8	Chord	6/8	2	1	1/8	1/8	1	143									8					
11	11	31	31	0.5	1/4	1/4	Chord	6/8	2	1	1/8	1/8	1	144									8					
11	11	63/2	63/2	0.5	3/8	3/8	Chord	6/8	2	1	1/8	1/8	1	145									8					
11	11	32	32	0.5	1/2	1/2	Chord	6/8	2	1	1/8	1/8	1	146									8					
11	11	65/2	65/2	0.5	5/8	5/8	Chord	6/8	2	1	1/8	1/8	1	147														
11	11	30	30	0.0	0	0	Spanner	6/8	3	1	0												9					
11	11	30	30	0.5	0	0	Chord	6/8	3	1	1/8	1/8	1	148									9					
11	11	61/2	61/2	0.5	1/8	1/8	Chord	6/8	3	1	1/8	1/8	1	149									9					
11	11	31	31	0.5	1/4	1/4	Chord	6/8	3	1	1/8	1/8	1	150									9					
11	11	63/2	63/2	0.5	3/8	3/8	Chord	6/8	3	1	1/8	1/8	1	151									9					
11	11	32	32	0.5	1/2	1/2	Chord	6/8	3	1	1/8	1/8	1	152									9					
11	11	65/2	65/2	0.5	5/8	5/8	Chord	6/8	3	1	1/8	1/8	1	153														
12	12	33	33	1.0	0	0	Chord	6/8	1	1	1/4	1/4	1	154	schwan-													
12	12	34	34	0.5	1/4	1/4	Chord	6/8	1	1	1/8	1/8	1	155	-ken,													
12	12	71/2	71/2	0.5	5/8	5/8	Chord	6/8	1	1	1/8	1/8	1	156	aus													
12	12	34	34	0.5	1/4	1/4	Chord	6/8	2	1	1/8	1/8	1	157									10					
12	12	69/2	69/2	0.5	3/8	3/8	Chord	6/8	2	1	1/8	1/8	1	158									10					
12	12	35	35	0.5	1/2	1/2	Chord	6/8	2	1	1/8	1/8	1	159									10					
12	12	71/2	71/2	0.5	5/8	5/8	Chord	6/8	2	1	1/8	1/8	1	160									10					
12	12	33	33	0.5	0	0	Chord	6/8	3	1	1/8	1/8	1	161									11					
12	12	67/2	67/2	0.5	1/8	1/8	Chord	6/8	3	1	1/8	1/8	1	162									11					
12	12	34	34	0.5	1/4	1/4	Chord	6/8	3	1	1/8	1/8	1	163									11					
12	12	69/2	69/2	0.5	3/8	3/8	Chord	6/8	3	1	1/8	1/8	1	164									11					
12	12	35	35	0.5	1/2	1/2	Chord	6/8	3	1	1/8	1/8	1	165									11					
12	12	71/2	71/2	0.5	5/8	5/8	Chord	6/8	3	1	1/8	1/8	1	166									11					
13	13	36	36	1.0	0	0	Chord	6/8	1	1	1/4	1/4	1	167	man-													
13	13	37	37	0.5	1/4	1/4	Chord	6/8	1	1	1/8	1/8	1	168	-chem													
13	13	75/2	75/2	0.5	3/8	3/8	Chord	6/8	1	1	1/8	1/8	1	169	treu-													
13	13	38	38	0.5	1/2	1/2	Chord	6/8	1	1	1/8	1/8	1	170														
13	13	77/2	77/2	0.5	5/8	5/8	Chord	6/8	1	1	1/8	1/8	1	171	-en													
13	13	36	36	0.5	0	0	Chord	6/8	2	1	1/8	1/8	1	172									10					
13	13	73/2	73/2	0.5	1/8	1/8	Chord	6/8	2	1	1/8	1/8	1	173									10					
13	13	37	37	0.5	1/4	1/4	Chord	6/8	2	1	1/8	1/8	1	174									10					
13	13	75/2	75/2	0.5	3/8	3/8	Chord	6/8	2	1	1/8	1/8	1	175									10					
13	13	38	38	0.5	1/2	1/2	Chord	6/8	2	1	1/8	1/8	1	176									10					
13	13	77/2	77/2	0.5	5/8	5/8	Chord	6/8	2	1	1/8	1/8	1	177														
13	13	36	36	0.5	0	0	Chord	6/8	3	1	1/8	1/8	1	178									11					
13	13	73/2	73/2	0.5	1/8	1/8	Chord	6/8	3	1	1/8	1/8	1	179									11					
13	13	37	37	0.5	1/4	1/4	Chord	6/8	3	1	1/8	1/8	1	180									11					
13	13	75/2	75/2	0.5	3/8	3/8	Chord	6/8	3	1	1/8	1/8	1	181									11					
13	13	38	38	0.5	1/2	1/2	Chord	6/8	3	1	1/8	1/8	1	182									11					
13	13	77/2	77/2	0.5	5/8	5/8	Chord	6/8	3	1	1/8	1/8	1	183														
14	14	39	39	1.5	0	0	Chord	6/8	1	1	3/8	1/4	3/2	184	Sinn,													
14	14	81/2	81/2	1.0	3/8	3/8	Chord	6/8	1	1	1/4	1/4	1	185														
14	14	83/2	83/2	0.5	5/8	5/8	Chord	6/8	1	1	1/8	1/8	1	186	viel													
14	14	40	40	0.5	1/4	1/4	Chord	6/8	2	1	1/8	1/8	1	187														
14	14	81/2	81/2	0.5	3/8	3/8	Chord	6/8	2	1	1/8	1/8	1	188														
14	14	41	41	0.5	1/2	1/2	Chord	6/8	2	1	1/8	1/8	1	189														
14	14	83/2	83/2	0.5	5/8	5/8	Chord	6/8	2	1	1/8	1/8	1	190														
14	14	39	39	0.5	0	0	Chord	6/8	3	1	1/8	1/8	1	191									12					
14	14	79/2	79/2	0.5	1/8	1/8	Chord	6/8	3	1	1/8	1/8	1	192									12					
14	14	40	40	0.5	1/4	1/4	Chord	6/8	3	1	1/8	1/8	1	193									12					
14	14	81/2	81/2	0.5	3/8	3/8	Chord	6/8	3	1	1/8	1/8	1	194									12					
14	14	41	41	0.5	1/2	1/2	Chord	6/8	3	1	1/8	1/8	1	195									12					
14	14	83/2	83/2	0.5	5/8	5/8	Chord	6/8	3	1	1/8	1/8	1	196									12					
15	15	42	42	1.0	0	0	Chord	6/8	1	1	1/4	1/4	1	197	tau-													
15	15	43	43	0.0	1/4	1/4	Spanner	6/8	1	1	0																	3
15	15	43	43	0.5	1/4	1/4	Chord	6/8	1	1	1/8	1/8	1	198	-send													3
15	15	87/2	87/2	0.5	3/8	3/8	Chord	6/8	1	1	1/8	1/8	1	199	Lie-													3
15	15	44	44	0.5	1/2	1/2	Chord	6/8	1	1	1/8	1/8	1	200	-bes-													3
15	15	89/2	89/2	0.5	5/8	5/8	Chord	6/8	1	1	1/8	1/8	1	201	-ge-													3
15	15	85/2	85/2	0.5	1/8	1/8	Chord	6/8	2	1	1/8	1/8	1	202														
15	15	43	43	0.5	1/4	1/4	Chord	6/8	2	1	1/8	1/8	1	203														
15	15	87/2	87/2	0.5	3/8	3/8	Chord	6/8	2	1	1/8	1/8	1	204														
15	15	44	44	0.5	1/2	1/2	Chord	6/8	2	1	1/8	1/8	1	205														
15	15	89/2	89/2	0.5	5/8	5/8	Chord	6/8	2	1	1/8	1/8	1	206														
15	15	42	42	0.5	0	0	Chord	6/8	3	1	1/8	1/8	1	207									12					
15	15	85/2	85/2	0.5	1/8	1/8	Chord	6/8	3	1	1/8	1/8	1	208									12					
15	15	43	43	0.5	1/4	1/4	Chord	6/8	3	1	1/8	1/8	1	209									12					
15	15	87/2	87/2	0.5	3/8	3/8	Chord	6/8	3	1	1/8	1/8	1	210									12					
15	15	44	44	0.5	1/2	1/2	Chord	6/8	3	1	1/8	1/8	1	211									12					
15	15	89/2	89/2	0.5	5/8	5/8	Chord	6/8	3	1	1/8	1/8	1	212														
16	16	45	45	0.0	0	0	Spanner	6/8	1	1	0																	
16	16	45	45	1.0	0	0	Chord	6/8	1	1	1/4	1/4	1	213	-dan-													
16	16	46	46	0.5	1/4	1/4	Chord	6/8	1	1	1/8	1/8	1	214	-ken,													
16	16	91/2	91/2	0.5	1/8	1/8	Chord	6/8	2	1	1/8	1/8	1	215														
16	16	46	46	0.5	1/4	1/4	Chord	6/8	2	1	1/8	1/8	1	216														
16	16	93/2	93/2	0.5	3/8	3/8	Chord	6/8	2	1	1/8	1/8	1	217														
16	16	47	47	0.5	1/2	1/2	Chord	6/8	2	1	1/8	1/8	1	218														
16	16	95/2	95/2	0.5	5/8	5/8	Chord	6/8	2	1	1/8	1/8	1	219														
16	16	45	45	0.5	0	0	Chord	6/8	3	1	1/8	1/8	1	220														
16	16	91/2	91/2	0.5	1/8	1/8	Chord	6/8	3	1	1/8	1/8	1	221														
16	16	46	46	0.5	1/4	1/4	Chord	6/8	3	1	1/8	1/8	1	222														
16	16	93/2	93/2	0.5	3/8	3/8	Chord	6/8	3	1	1/8	1/8	1	223														
16	16	47	47	0.5	1/2	1/2	Chord	6/8	3	1	1/8	1/8	1	224														
16	16	95/2	95/2	0.5	5/8	5/8	Chord	6/8	3	1	1/8	1/8	1	225														
17	17	48	48	0.5	0	0	Chord	6/8	1	1	1/8	1/8	1	226	√º-													
17	17	97/2	97/2	0.5	1/8	1/8	Chord	6/8	1	1	1/8	1/8	1	227	-ber													
17	17	49	49	0.5	1/4	1/4	Chord	6/8	1	1	1/8	1/8	1	228	die													
17	17	99/2	99/2	0.0	3/8	3/8	Spanner	6/8	1	1	0																3	
17	17	99/2	99/2	1.0	3/8	3/8	Chord	6/8	1	1	1/4	1/4	1	229	Schl√§-												3	
17	17	101/2	101/2	0.5	5/8	5/8	Chord	6/8	1	1	1/8	1/8	1	230	-fer												3	
17	17	97/2	97/2	0.5	1/8	1/8	Chord	6/8	2	1	1/8	1/8	1	231														
17	17	49	49	0.5	1/4	1/4	Chord	6/8	2	1	1/8	1/8	1	232														
17	17	99/2	99/2	0.5	3/8	3/8	Chord	6/8	2	1	1/8	1/8	1	233														
17	17	50	50	0.5	1/2	1/2	Chord	6/8	2	1	1/8	1/8	1	234														
17	17	101/2	101/2	0.5	5/8	5/8	Chord	6/8	2	1	1/8	1/8	1	235														
17	17	48	48	0.5	0	0	Chord	6/8	3	1	1/8	1/8	1	236														
17	17	97/2	97/2	0.5	1/8	1/8	Chord	6/8	3	1	1/8	1/8	1	237														
17	17	49	49	0.5	1/4	1/4	Chord	6/8	3	1	1/8	1/8	1	238														
17	17	99/2	99/2	0.5	3/8	3/8	Chord	6/8	3	1	1/8	1/8	1	239														
17	17	50	50	0.5	1/2	1/2	Chord	6/8	3	1	1/8	1/8	1	240														
17	17	101/2	101/2	0.5	5/8	5/8	Chord	6/8	3	1	1/8	1/8	1	241														
18	18	51	51	0.0	0	0	Spanner	6/8	1	1	0																	
18	18	51	51	3.0	0	0	Chord	6/8	1	1	3/4	1/2	3/2	242	hin.													
18	18	52	52	0.5	1/4	1/4	Chord	6/8	2	1	1/8	1/8	1	243														
18	18	105/2	105/2	0.5	3/8	3/8	Chord	6/8	2	1	1/8	1/8	1	244														
18	18	53	53	0.5	1/2	1/2	Chord	6/8	2	1	1/8	1/8	1	245														
18	18	107/2	107/2	0.5	5/8	5/8	Chord	6/8	2	1	1/8	1/8	1	246														
18	18	51	51	0.0	0	0	Spanner	6/8	3	1	0													1	1			
18	18	51	51	0.5	0	0	Chord	6/8	3	1	1/8	1/8	1	247										1	1			
18	18	103/2	103/2	0.5	1/8	1/8	Chord	6/8	3	1	1/8	1/8	1	248										1	1			
18	18	52	52	0.5	1/4	1/4	Chord	6/8	3	1	1/8	1/8	1	249										1	1			
18	18	105/2	105/2	0.5	3/8	3/8	Chord	6/8	3	1	1/8	1/8	1	250										1	1			
18	18	53	53	0.5	1/2	1/2	Chord	6/8	3	1	1/8	1/8	1	251										1	1			
18	18	107/2	107/2	0.5	5/8	5/8	Chord	6/8	3	1	1/8	1/8	1	252										1	1			
19	19	113/2	113/2	0.5	5/8	5/8	Chord	6/8	1	1	1/8	1/8	1	253	3.¬†Und													
19	19	55	55	0.5	1/4	1/4	Chord	6/8	2	1	1/8	1/8	1	254														
19	19	111/2	111/2	0.5	3/8	3/8	Chord	6/8	2	1	1/8	1/8	1	255														
19	19	56	56	0.5	1/2	1/2	Chord	6/8	2	1	1/8	1/8	1	256														
19	19	113/2	113/2	0.5	5/8	5/8	Chord	6/8	2	1	1/8	1/8	1	257														
19	19	54	54	0.5	0	0	Chord	6/8	3	1	1/8	1/8	1	258										1	1			
19	19	109/2	109/2	0.5	1/8	1/8	Chord	6/8	3	1	1/8	1/8	1	259										1	1			
19	19	55	55	0.5	1/4	1/4	Chord	6/8	3	1	1/8	1/8	1	260										1	1			
19	19	111/2	111/2	0.5	3/8	3/8	Chord	6/8	3	1	1/8	1/8	1	261										1	1			
19	19	56	56	0.5	1/2	1/2	Chord	6/8	3	1	1/8	1/8	1	262										1	1			
19	19	113/2	113/2	0.5	5/8	5/8	Chord	6/8	3	1	1/8	1/8	1	263										1	1			
19	19	54	54	1.5	0	0	Chord	6/8	3	2	3/8	1/4	3/2	264										1	1			
20	20	57	57	1.5	0	0	Chord	6/8	1	1	3/8	1/4	3/2	265	drun-													
20	20	117/2	117/2	1.0	3/8	3/8	Chord	6/8	1	1	1/4	1/4	1	266	-ten													
20	20	119/2	119/2	0.5	5/8	5/8	Chord	6/8	1	1	1/8	1/8	1	267	im													
20	20	57	57	0.5	0	0	Chord	6/8	2	1	1/8	1/8	1	268														
20	20	115/2	115/2	0.5	1/8	1/8	Chord	6/8	2	1	1/8	1/8	1	269														
20	20	58	58	0.5	1/4	1/4	Chord	6/8	2	1	1/8	1/8	1	270														
20	20	117/2	117/2	0.5	3/8	3/8	Chord	6/8	2	1	1/8	1/8	1	271														
20	20	59	59	0.5	1/2	1/2	Chord	6/8	2	1	1/8	1/8	1	272														
20	20	119/2	119/2	0.5	5/8	5/8	Chord	6/8	2	1	1/8	1/8	1	273														
20	20	57	57	0.0	0	0	Spanner	6/8	3	1	0																	
20	20	57	57	0.5	0	0	Chord	6/8	3	1	1/8	1/8	1	274														
20	20	115/2	115/2	0.5	1/8	1/8	Chord	6/8	3	1	1/8	1/8	1	275														
20	20	58	58	0.5	1/4	1/4	Chord	6/8	3	1	1/8	1/8	1	276														
20	20	117/2	117/2	0.5	3/8	3/8	Chord	6/8	3	1	1/8	1/8	1	277														
20	20	59	59	0.5	1/2	1/2	Chord	6/8	3	1	1/8	1/8	1	278														
20	20	119/2	119/2	0.5	5/8	5/8	Chord	6/8	3	1	1/8	1/8	1	279														
21	21	60	60	0.5	0	0	Chord	6/8	1	1	1/8	1/8	1	280	Tha-													
21	21	121/2	121/2	0.5	1/8	1/8	Chord	6/8	1	1	1/8	1/8	1	281	-le													
21	21	125/2	125/2	0.5	5/8	5/8	Chord	6/8	1	1	1/8	1/8	1	282	da													
21	21	61	61	0.5	1/4	1/4	Chord	6/8	2	1	1/8	1/8	1	283														
21	21	123/2	123/2	0.5	3/8	3/8	Chord	6/8	2	1	1/8	1/8	1	284														
21	21	62	62	0.5	1/2	1/2	Chord	6/8	2	1	1/8	1/8	1	285														
21	21	125/2	125/2	0.5	5/8	5/8	Chord	6/8	2	1	1/8	1/8	1	286														
21	21	60	60	0.5	0	0	Chord	6/8	3	1	1/8	1/8	1	287									13					
21	21	121/2	121/2	0.5	1/8	1/8	Chord	6/8	3	1	1/8	1/8	1	288														
21	21	61	61	0.5	1/4	1/4	Chord	6/8	3	1	1/8	1/8	1	289														
21	21	123/2	123/2	0.5	3/8	3/8	Chord	6/8	3	1	1/8	1/8	1	290														
21	21	62	62	0.5	1/2	1/2	Chord	6/8	3	1	1/8	1/8	1	291														
21	21	125/2	125/2	0.5	5/8	5/8	Chord	6/8	3	1	1/8	1/8	1	292														
22	22	63	63	0.5	0	0	Chord	6/8	1	1	1/8	1/8	1	293	fun-													
22	22	127/2	127/2	0.5	1/8	1/8	Chord	6/8	1	1	1/8	1/8	1	294	-keln													
22	22	64	64	0.5	1/4	1/4	Chord	6/8	1	1	1/8	1/8	1	295	die													
22	22	129/2	129/2	0.0	3/8	3/8	Spanner	6/8	1	1	0																	4
22	22	129/2	129/2	0.5	3/8	3/8	Chord	6/8	1	1	1/8	1/8	1	296	Fens-													4
22	22	65	65	0.5	1/2	1/2	Chord	6/8	1	1	1/8	1/8	1	297	-ter													4
22	22	131/2	131/2	0.5	5/8	5/8	Chord	6/8	1	1	1/8	1/8	1	298	von													4
22	22	63	63	0.5	0	0	Chord	6/8	2	1	1/8	1/8	1	299														
22	22	127/2	127/2	0.5	1/8	1/8	Chord	6/8	2	1	1/8	1/8	1	300														
22	22	64	64	0.0	1/4	1/4	Spanner	6/8	2	1	0																	5
22	22	64	64	0.5	1/4	1/4	Chord	6/8	2	1	1/8	1/8	1	301														5
22	22	129/2	129/2	0.5	3/8	3/8	Chord	6/8	2	1	1/8	1/8	1	302														5
22	22	65	65	0.5	1/2	1/2	Chord	6/8	2	1	1/8	1/8	1	303														5
22	22	131/2	131/2	0.5	5/8	5/8	Chord	6/8	2	1	1/8	1/8	1	304														5
22	22	63	63	0.5	0	0	Chord	6/8	3	1	1/8	1/8	1	305														
22	22	127/2	127/2	0.5	1/8	1/8	Chord	6/8	3	1	1/8	1/8	1	306														
22	22	64	64	0.5	1/4	1/4	Chord	6/8	3	1	1/8	1/8	1	307														
22	22	129/2	129/2	0.5	3/8	3/8	Chord	6/8	3	1	1/8	1/8	1	308														
22	22	65	65	0.5	1/2	1/2	Chord	6/8	3	1	1/8	1/8	1	309														
22	22	131/2	131/2	0.5	5/8	5/8	Chord	6/8	3	1	1/8	1/8	1	310														
23	23	66	66	0.0	0	0	Dynamic	6/8	1	1	0					f												
23	23	66	66	0.0	0	0	Spanner	6/8	1	1	0																	
23	23	66	66	1.5	0	0	Chord	6/8	1	1	3/8	1/4	3/2	311	Lieb-													
23	23	135/2	135/2	1.0	3/8	3/8	Chord	6/8	1	1	1/4	1/4	1	312														
23	23	137/2	137/2	0.5	5/8	5/8	Chord	6/8	1	1	1/8	1/8	1	313	-chens													
23	23	66	66	0.0	0	0	Dynamic	6/8	2	1	0					f												
23	23	66	66	0.0	0	0	Spanner	6/8	2	1	0																	
23	23	133/2	133/2	0.5	1/8	1/8	Chord	6/8	2	1	1/8	1/8	1	314														
23	23	67	67	0.5	1/4	1/4	Chord	6/8	2	1	1/8	1/8	1	315														
23	23	135/2	135/2	0.5	3/8	3/8	Chord	6/8	2	1	1/8	1/8	1	316														
23	23	68	68	0.5	1/2	1/2	Chord	6/8	2	1	1/8	1/8	1	317														
23	23	137/2	137/2	0.5	5/8	5/8	Chord	6/8	2	1	1/8	1/8	1	318														
23	23	66	66	0.5	0	0	Chord	6/8	3	1	1/8	1/8	1	319														
23	23	133/2	133/2	0.5	1/8	1/8	Chord	6/8	3	1	1/8	1/8	1	320														
23	23	67	67	0.5	1/4	1/4	Chord	6/8	3	1	1/8	1/8	1	321														
23	23	135/2	135/2	0.5	3/8	3/8	Chord	6/8	3	1	1/8	1/8	1	322														
23	23	68	68	0.5	1/2	1/2	Chord	6/8	3	1	1/8	1/8	1	323														
23	23	137/2	137/2	0.5	5/8	5/8	Chord	6/8	3	1	1/8	1/8	1	324														
24	24	69	69	1.5	0	0	Chord	6/8	1	1	3/8	1/4	3/2	325	Haus;													
24	24	143/2	143/2	0.5	5/8	5/8	Chord	6/8	1	1	1/8	1/8	1	326	ich													
24	24	139/2	139/2	0.5	1/8	1/8	Chord	6/8	2	1	1/8	1/8	1	327														
24	24	70	70	0.5	1/4	1/4	Chord	6/8	2	1	1/8	1/8	1	328														
24	24	141/2	141/2	0.5	3/8	3/8	Chord	6/8	2	1	1/8	1/8	1	329														
24	24	71	71	0.5	1/2	1/2	Chord	6/8	2	1	1/8	1/8	1	330														
24	24	143/2	143/2	0.5	5/8	5/8	Chord	6/8	2	1	1/8	1/8	1	331														
24	24	69	69	0.5	0	0	Chord	6/8	3	1	1/8	1/8	1	332														
24	24	139/2	139/2	0.5	1/8	1/8	Chord	6/8	3	1	1/8	1/8	1	333														
24	24	70	70	0.5	1/4	1/4	Chord	6/8	3	1	1/8	1/8	1	334														
24	24	141/2	141/2	0.5	3/8	3/8	Chord	6/8	3	1	1/8	1/8	1	335														
24	24	71	71	0.5	1/2	1/2	Chord	6/8	3	1	1/8	1/8	1	336														
24	24	143/2	143/2	0.5	5/8	5/8	Chord	6/8	3	1	1/8	1/8	1	337														
25	25	72	72	0.0	0	0	Tempo	6/8	1	1	0							rit.	48.0			1.0						
25	25	72	72	0.0	0	0	Spanner	6/8	1	1	0															0		
25	25	72	72	1.0	0	0	Chord	6/8	1	1	1/4	1/4	1	338	a-											0		
25	25	73	73	0.5	1/4	1/4	Chord	6/8	1	1	1/8	1/8	1	339	-ber											0		
25	25	147/2	147/2	0.5	3/8	3/8	Chord	6/8	1	1	1/8	1/8	1	340	bli-											0		
25	25	74	74	0.5	1/2	1/2	Chord	6/8	1	1	1/8	1/8	1	341	-cke											0		
25	25	149/2	149/2	0.5	5/8	5/8	Chord	6/8	1	1	1/8	1/8	1	342	im											0		
25	25	145/2	145/2	0.5	1/8	1/8	Chord	6/8	2	1	1/8	1/8	1	343														
25	25	73	73	0.0	1/4	1/4	Spanner	6/8	2	1	0															1		
25	25	73	73	0.5	1/4	1/4	Chord	6/8	2	1	1/8	1/8	1	344												1		
25	25	74	74	0.5	1/2	1/2	Chord	6/8	2	1	1/8	1/8	1	345												1		
25	25	149/2	149/2	0.5	5/8	5/8	Chord	6/8	2	1	1/8	1/8	1	346												1		
25	25	72	72	0.5	0	0	Chord	6/8	3	1	1/8	1/8	1	347														
25	25	145/2	145/2	0.5	1/8	1/8	Chord	6/8	3	1	1/8	1/8	1	348														
25	25	73	73	0.5	1/4	1/4	Chord	6/8	3	1	1/8	1/8	1	349														
25	25	147/2	147/2	0.5	3/8	3/8	Chord	6/8	3	1	1/8	1/8	1	350														
25	25	74	74	0.5	1/2	1/2	Chord	6/8	3	1	1/8	1/8	1	351														
25	25	149/2	149/2	0.5	5/8	5/8	Chord	6/8	3	1	1/8	1/8	1	352														
26	26	75	75	1.0	0	0	Chord	6/8	1	1	1/4	1/4	1	353	Dun-											0		
26	26	76	76	0.5	1/4	1/4	Chord	6/8	1	1	1/8	1/8	1	354	-keln											0		
26	26	153/2	153/2	1.5	3/8	3/8	Chord	6/8	1	1	3/8	1/4	3/2	355	still		articAccentBelow									0		
26	26	151/2	151/2	0.5	1/8	1/8	Chord	6/8	2	1	1/8	1/8	1	356												1		
26	26	76	76	0.5	1/4	1/4	Chord	6/8	2	1	1/8	1/8	1	357												1		
26	26	77	77	0.5	1/2	1/2	Chord	6/8	2	1	1/8	1/8	1	358												1		
26	26	155/2	155/2	0.5	5/8	5/8	Chord	6/8	2	1	1/8	1/8	1	359												1		
26	26	75	75	0.5	0	0	Chord	6/8	3	1	1/8	1/8	1	360														
26	26	151/2	151/2	0.5	1/8	1/8	Chord	6/8	3	1	1/8	1/8	1	361														
26	26	76	76	0.5	1/4	1/4	Chord	6/8	3	1	1/8	1/8	1	362														
26	26	77	77	0.5	1/2	1/2	Chord	6/8	3	1	1/8	1/8	1	363														
26	26	155/2	155/2	0.5	5/8	5/8	Chord	6/8	3	1	1/8	1/8	1	364														
27	27	78	78	0.5	0	0	Chord	6/8	1	1	1/8	1/8	1	365												0		
27	27	157/2	157/2	0.5	1/8	1/8	Chord	6/8	1	1	1/8	1/8	1	366	in											0		
27	27	79	79	0.5	1/4	1/4	Chord	6/8	1	1	1/8	1/8	1	367	die											0		
27	27	159/2	159/2	1.0	3/8	3/8	Chord	6/8	1	1	1/4	1/4	1	368	Welt											0		
27	27	161/2	161/2	0.5	5/8	5/8	Chord	6/8	1	1	1/8	1/8	1	369	hin-											0		
27	27	157/2	157/2	0.5	1/8	1/8	Chord	6/8	2	1	1/8	1/8	1	370												1		
27	27	79	79	0.5	1/4	1/4	Chord	6/8	2	1	1/8	1/8	1	371												1		
27	27	80	80	0.5	1/2	1/2	Chord	6/8	2	1	1/8	1/8	1	372												1		
27	27	161/2	161/2	0.5	5/8	5/8	Chord	6/8	2	1	1/8	1/8	1	373												1		
27	27	157/2	157/2	0.5	1/8	1/8	Chord	6/8	3	1	1/8	1/8	1	374														
27	27	79	79	0.5	1/4	1/4	Chord	6/8	3	1	1/8	1/8	1	375														
27	27	80	80	0.5	1/2	1/2	Chord	6/8	3	1	1/8	1/8	1	376														
27	27	161/2	161/2	0.5	5/8	5/8	Chord	6/8	3	1	1/8	1/8	1	377														
28	28	81	81	0.0	0	0	Spanner	6/8	1	1	0																	
28	28	81	81	3.0	0	0	Chord	6/8	1	1	3/4	1/2	3/2	378	-aus.													
28	28	81	81	0.0	0	0	Spanner	6/8	2	1	0																	
28	28	82	82	0.5	1/4	1/4	Chord	6/8	2	1	1/8	1/8	1	379									14					
28	28	165/2	165/2	0.5	3/8	3/8	Chord	6/8	2	1	1/8	1/8	1	380									14					
28	28	83	83	0.5	1/2	1/2	Chord	6/8	2	1	1/8	1/8	1	381									14					
28	28	167/2	167/2	0.5	5/8	5/8	Chord	6/8	2	1	1/8	1/8	1	382									14					
28	28	81	81	0.5	0	0	Chord	6/8	3	1	1/8	1/8	1	383									15					
28	28	163/2	163/2	0.5	1/8	1/8	Chord	6/8	3	1	1/8	1/8	1	384									15					
28	28	82	82	0.5	1/4	1/4	Chord	6/8	3	1	1/8	1/8	1	385									15					
28	28	165/2	165/2	0.5	3/8	3/8	Chord	6/8	3	1	1/8	1/8	1	386									15					
28	28	83	83	0.5	1/2	1/2	Chord	6/8	3	1	1/8	1/8	1	387									15					
28	28	167/2	167/2	0.5	5/8	5/8	Chord	6/8	3	1	1/8	1/8	1	388									15					
29	29	84	84	1.0	0	0	Chord	6/8	1	1	1/4	1/4	1	389														
29	29	84	84	0.5	0	0	Chord	6/8	2	1	1/8	1/8	1	390									14					
29	29	169/2	169/2	0.5	1/8	1/8	Chord	6/8	2	1	1/8	1/8	1	391									14					
29	29	85	85	0.5	1/4	1/4	Chord	6/8	2	1	1/8	1/8	1	392									14					
29	29	171/2	171/2	1.0	3/8	3/8	Chord	6/8	2	1	1/4	1/4	1	393									14					
29	29	173/2	173/2	0.5	5/8	5/8	Chord	6/8	2	1	1/8	1/8	1	394														
29	29	171/2	171/2	1.5	3/8	3/8	Chord	6/8	2	2	3/8	1/4	3/2	395														
29	29	84	84	0.5	0	0	Chord	6/8	3	1	1/8	1/8	1	396									15					
29	29	169/2	169/2	0.5	1/8	1/8	Chord	6/8	3	1	1/8	1/8	1	397									15					
29	29	85	85	0.5	1/4	1/4	Chord	6/8	3	1	1/8	1/8	1	398									15					
29	29	171/2	171/2	1.5	3/8	3/8	Chord	6/8	3	1	3/8	1/4	3/2	399														
30	30	88	88	0.5	1/4	1/4	Chord	6/8	2	1	1/8	1/8	1	400									16					
30	30	177/2	177/2	0.5	3/8	3/8	Chord	6/8	2	1	1/8	1/8	1	401									16					
30	30	89	89	0.5	1/2	1/2	Chord	6/8	2	1	1/8	1/8	1	402									16					
30	30	179/2	179/2	0.5	5/8	5/8	Chord	6/8	2	1	1/8	1/8	1	403									16					
30	30	87	87	0.5	0	0	Chord	6/8	3	1	1/8	1/8	1	404									17					
30	30	175/2	175/2	0.5	1/8	1/8	Chord	6/8	3	1	1/8	1/8	1	405									17					
30	30	88	88	0.5	1/4	1/4	Chord	6/8	3	1	1/8	1/8	1	406									17					
30	30	177/2	177/2	0.5	3/8	3/8	Chord	6/8	3	1	1/8	1/8	1	407									17					
30	30	89	89	0.5	1/2	1/2	Chord	6/8	3	1	1/8	1/8	1	408									17					
30	30	179/2	179/2	0.5	5/8	5/8	Chord	6/8	3	1	1/8	1/8	1	409									17					
31	31	90	90	0.5	0	0	Chord	6/8	2	1	1/8	1/8	1	410									16					
31	31	181/2	181/2	0.5	1/8	1/8	Chord	6/8	2	1	1/8	1/8	1	411									16					
31	31	91	91	0.5	1/4	1/4	Chord	6/8	2	1	1/8	1/8	1	412									16					
31	31	183/2	183/2	1.0	3/8	3/8	Chord	6/8	2	1	1/4	1/4	1	413									16					
31	31	185/2	185/2	0.5	5/8	5/8	Chord	6/8	2	1	1/8	1/8	1	414									16					
31	31	183/2	183/2	1.5	3/8	3/8	Chord	6/8	2	2	3/8	1/4	3/2	415														
31	31	90	90	0.5	0	0	Chord	6/8	3	1	1/8	1/8	1	416									17					
31	31	181/2	181/2	0.5	1/8	1/8	Chord	6/8	3	1	1/8	1/8	1	417									17					
31	31	91	91	0.5	1/4	1/4	Chord	6/8	3	1	1/8	1/8	1	418									17					
31	31	183/2	183/2	1.5	3/8	3/8	Chord	6/8	3	1	3/8	1/4	3/2	419									17					
32	32	93	93	1.0	0	0	Chord	6/8	2	1	1/4	1/4	1	420														
32	32	189/2	189/2	1.0	3/8	3/8	Chord	6/8	2	1	1/4	1/4	1	421														
32	32	93	93	1.0	0	0	Chord	6/8	3	1	1/4	1/4	1	422									17					
32	32	189/2	189/2	1.0	3/8	3/8	Chord	6/8	3	1	1/4	1/4	1	423														
33	33	96	96	3.0	0	0	Chord	6/8	2	1	3/4	1/2	3/2	424														
33	33	96	96	3.0	0	0	Chord	6/8	3	1	3/4	1/2	3/2	425														
