mc	mn	quarterbeats	quarterbeats_all_endings	duration_qb	mc_onset	mn_onset	event	timesig	staff	voice	duration	nominal_duration	scalar	chord_id	lyrics_1	dynamics	articulation	staff_text	tempo	qpm	metronome_base	metronome_number	tempo_visible	slur	decrescendo_hairpin	crescendo_hairpin
1	1	0	0	0.0	0	0	Tempo	3/4	1	1	0								Ziemlichlangsam	71.0			1.0			
1	1	0	0	0.0	0	0	Tempo	3/4	1	1	0								ùÖü=72	72.0	ùÖü	72.0	0.0			
1	1	0	0	0.0	0	0	Dynamic	3/4	2	1	0					p										
1	1	0	0	0.5	0	0	Chord	3/4	2	1	1/8	1/8	1	0			articStaccatoAbove							0		
1	1	1/2	1/2	0.5	1/8	1/8	Chord	3/4	2	1	1/8	1/8	1	1			articStaccatoAbove							0		
1	1	1	1	0.5	1/4	1/4	Chord	3/4	2	1	1/8	1/8	1	2			articStaccatoAbove							0		
1	1	3/2	3/2	0.0	3/8	3/8	Spanner	3/4	2	1	0													0		0
1	1	3/2	3/2	0.5	3/8	3/8	Chord	3/4	2	1	1/8	1/8	1	3			articStaccatoAbove							0		0
1	1	2	2	0.5	1/2	1/2	Chord	3/4	2	1	1/8	1/8	1	4			articStaccatoAbove							0		0
1	1	5/2	5/2	0.5	5/8	5/8	Chord	3/4	2	1	1/8	1/8	1	5			articStaccatoAbove									0
1	1	0	0	0.5	0	0	Chord	3/4	3	1	1/8	1/8	1	6			articStaccatoAbove							1		
1	1	1/2	1/2	0.5	1/8	1/8	Chord	3/4	3	1	1/8	1/8	1	7			articStaccatoAbove							1		
1	1	1	1	0.5	1/4	1/4	Chord	3/4	3	1	1/8	1/8	1	8			articStaccatoAbove							1		
1	1	3/2	3/2	0.5	3/8	3/8	Chord	3/4	3	1	1/8	1/8	1	9			articStaccatoAbove							1		
1	1	2	2	0.5	1/2	1/2	Chord	3/4	3	1	1/8	1/8	1	10			articStaccatoAbove							1		
1	1	5/2	5/2	0.5	5/8	5/8	Chord	3/4	3	1	1/8	1/8	1	11			articStaccatoAbove									
2	2	3	3	0.0	0	0	Spanner	3/4	2	1	0															
2	2	3	3	1.0	0	0	Chord	3/4	2	1	1/4	1/4	1	12										2		
2	2	4	4	1.5	1/4	1/4	Chord	3/4	2	1	3/8	1/4	3/2	13												
2	2	9/2	9/2	0.0	3/8	3/8	Spanner	3/4	2	1	0														0	
2	2	11/2	11/2	0.5	5/8	5/8	Chord	3/4	2	1	1/8	1/8	1	14											0	
2	2	3	3	0.5	0	0	Chord	3/4	2	2	1/8	1/8	1	15											0	
2	2	7/2	7/2	0.5	1/8	1/8	Chord	3/4	2	2	1/8	1/8	1	16											0	
2	2	4	4	0.5	1/4	1/4	Chord	3/4	2	2	1/8	1/8	1	17											0	
2	2	9/2	9/2	0.5	3/8	3/8	Chord	3/4	2	2	1/8	1/8	1	18											0	
2	2	5	5	0.5	1/2	1/2	Chord	3/4	2	2	1/8	1/8	1	19											0	
2	2	11/2	11/2	0.5	5/8	5/8	Chord	3/4	2	2	1/8	1/8	1	20											0	
2	2	3	3	0.5	0	0	Chord	3/4	3	1	1/8	1/8	1	21												
2	2	7/2	7/2	0.5	1/8	1/8	Chord	3/4	3	1	1/8	1/8	1	22												
2	2	4	4	0.5	1/4	1/4	Chord	3/4	3	1	1/8	1/8	1	23												
2	2	9/2	9/2	0.5	3/8	3/8	Chord	3/4	3	1	1/8	1/8	1	24												
2	2	5	5	0.5	1/2	1/2	Chord	3/4	3	1	1/8	1/8	1	25												
2	2	11/2	11/2	0.5	5/8	5/8	Chord	3/4	3	1	1/8	1/8	1	26												
3	3	6	6	0.0	0	0	Spanner	3/4	2	1	0															
3	3	6	6	0.0	0	0	Spanner	3/4	2	1	0														1	
3	3	6	6	1.5	0	0	Chord	3/4	2	1	3/8	1/4	3/2	27										3	1	
3	3	15/2	15/2	0.25	3/8	3/8	Chord	3/4	2	1	1/16	1/16	1	28										3	1	
3	3	31/4	31/4	0.0	7/16	7/16	Spanner	3/4	2	1	0													3		
3	3	31/4	31/4	0.25	7/16	7/16	Chord	3/4	2	1	1/16	1/16	1	29										3		
3	3	8	8	0.5	1/2	1/2	Chord	3/4	2	1	1/8	1/8	1	30										3		
3	3	17/2	17/2	0.5	5/8	5/8	Chord	3/4	2	1	1/8	1/8	1	31												
3	3	6	6	0.5	0	0	Chord	3/4	2	2	1/8	1/8	1	32												
3	3	13/2	13/2	0.5	1/8	1/8	Chord	3/4	2	2	1/8	1/8	1	33												
3	3	7	7	0.5	1/4	1/4	Chord	3/4	2	2	1/8	1/8	1	34												
3	3	15/2	15/2	0.5	3/8	3/8	Chord	3/4	2	2	1/8	1/8	1	35												
3	3	8	8	0.5	1/2	1/2	Chord	3/4	2	2	1/8	1/8	1	36												
3	3	17/2	17/2	0.5	5/8	5/8	Chord	3/4	2	2	1/8	1/8	1	37												
3	3	6	6	0.5	0	0	Chord	3/4	3	1	1/8	1/8	1	38												
3	3	13/2	13/2	0.5	1/8	1/8	Chord	3/4	3	1	1/8	1/8	1	39												
3	3	7	7	0.5	1/4	1/4	Chord	3/4	3	1	1/8	1/8	1	40												
3	3	15/2	15/2	0.5	3/8	3/8	Chord	3/4	3	1	1/8	1/8	1	41												
3	3	8	8	0.5	1/2	1/2	Chord	3/4	3	1	1/8	1/8	1	42												
3	3	17/2	17/2	0.5	5/8	5/8	Chord	3/4	3	1	1/8	1/8	1	43												
4	4	9	9	0.0	0	0	Spanner	3/4	2	1	0															1
4	4	9	9	0.5	0	0	Chord	3/4	2	1	1/8	1/8	1	44										4		1
4	4	19/2	19/2	0.5	1/8	1/8	Chord	3/4	2	1	1/8	1/8	1	45										4		1
4	4	10	10	0.2	1/4	1/4	Chord	3/4	2	1	1/20	1/16	4/5	46										4, 5		1
4	4	51/5	51/5	0.2	3/10	3/10	Chord	3/4	2	1	1/20	1/16	4/5	47										4, 5		1
4	4	52/5	52/5	0.2	7/20	7/20	Chord	3/4	2	1	1/20	1/16	4/5	48										4, 5		1
4	4	53/5	53/5	0.2	2/5	2/5	Chord	3/4	2	1	1/20	1/16	4/5	49										4, 5		1
4	4	54/5	54/5	0.0	9/20	9/20	Spanner	3/4	2	1	0													4		
4	4	54/5	54/5	0.2	9/20	9/20	Chord	3/4	2	1	1/20	1/16	4/5	50										4		
4	4	11	11	0.0	1/2	1/2	Dynamic	3/4	2	1	0					mp								4		
4	4	11	11	0.5	1/2	1/2	Chord	3/4	2	1	1/8	1/8	1	51										4		
4	4	23/2	23/2	0.5	5/8	5/8	Chord	3/4	2	1	1/8	1/8	1	52										4		
4	4	10	10	1.0	1/4	1/4	Chord	3/4	2	2	1/4	1/4	1	53												
4	4	11	11	1.0	1/2	1/2	Chord	3/4	2	2	1/4	1/4	1	54												
4	4	9	9	1.0	0	0	Chord	3/4	3	1	1/4	1/4	1	55												
4	4	10	10	1.0	1/4	1/4	Chord	3/4	3	1	1/4	1/4	1	56												
4	4	11	11	1.0	1/2	1/2	Chord	3/4	3	1	1/4	1/4	1	57												
5	5	29/2	29/2	0.5	5/8	5/8	Chord	3/4	1	1	1/8	1/8	1	58	Ich											
5	5	12	12	0.0	0	0	StaffText	3/4	2	1	0							ritard.						4		
5	5	12	12	0.5	0	0	Chord	3/4	2	1	1/8	1/8	1	59										4		
5	5	25/2	25/2	0.0	1/8	1/8	Spanner	3/4	2	1	0													4	2	
5	5	25/2	25/2	0.5	1/8	1/8	Chord	3/4	2	1	1/8	1/8	1	60										4	2	
5	5	13	13	0.5	1/4	1/4	Chord	3/4	2	1	1/8	1/8	1	61										4, 6	2	
5	5	27/2	27/2	0.0	3/8	3/8	Spanner	3/4	2	1	0													4		
5	5	27/2	27/2	0.5	3/8	3/8	Chord	3/4	2	1	1/8	1/8	1	62										4		
5	5	14	14	0.5	1/2	1/2	Chord	3/4	2	1	1/8	1/8	1	63										4		
5	5	29/2	29/2	0.5	5/8	5/8	Chord	3/4	2	1	1/8	1/8	1	64												
5	5	12	12	1.0	0	0	Chord	3/4	2	2	1/4	1/4	1	65												
5	5	13	13	1.0	1/4	1/4	Chord	3/4	2	2	1/4	1/4	1	66												
5	5	14	14	1.0	1/2	1/2	Chord	3/4	2	2	1/4	1/4	1	67												
5	5	12	12	1.0	0	0	Chord	3/4	3	1	1/4	1/4	1	68												
5	5	13	13	1.0	1/4	1/4	Chord	3/4	3	1	1/4	1/4	1	69												
5	5	14	14	1.0	1/2	1/2	Chord	3/4	3	1	1/4	1/4	1	70												
6	6	15	15	1.5	0	0	Chord	3/4	1	1	3/8	1/4	3/2	71	stand											
6	6	33/2	33/2	0.5	3/8	3/8	Chord	3/4	1	1	1/8	1/8	1	72	in											
6	6	17	17	0.5	1/2	1/2	Chord	3/4	1	1	1/8	1/8	1	73	dunk-											
6	6	35/2	35/2	0.5	5/8	5/8	Chord	3/4	1	1	1/8	1/8	1	74	-len											
6	6	15	15	1.5	0	0	Chord	3/4	2	1	3/8	1/4	3/2	75										7		
6	6	33/2	33/2	0.5	3/8	3/8	Chord	3/4	2	1	1/8	1/8	1	76										7		
6	6	17	17	0.5	1/2	1/2	Chord	3/4	2	1	1/8	1/8	1	77										7		
6	6	35/2	35/2	0.5	5/8	5/8	Chord	3/4	2	1	1/8	1/8	1	78										7		
6	6	15	15	0.5	0	0	Chord	3/4	2	2	1/8	1/8	1	79												
6	6	31/2	31/2	0.5	1/8	1/8	Chord	3/4	2	2	1/8	1/8	1	80												
6	6	16	16	0.5	1/4	1/4	Chord	3/4	2	2	1/8	1/8	1	81												
6	6	33/2	33/2	0.5	3/8	3/8	Chord	3/4	2	2	1/8	1/8	1	82												
6	6	17	17	0.5	1/2	1/2	Chord	3/4	2	2	1/8	1/8	1	83												
6	6	35/2	35/2	0.5	5/8	5/8	Chord	3/4	2	2	1/8	1/8	1	84												
6	6	15	15	0.5	0	0	Chord	3/4	3	1	1/8	1/8	1	85												
6	6	31/2	31/2	0.5	1/8	1/8	Chord	3/4	3	1	1/8	1/8	1	86												
6	6	16	16	0.5	1/4	1/4	Chord	3/4	3	1	1/8	1/8	1	87												
6	6	33/2	33/2	0.5	3/8	3/8	Chord	3/4	3	1	1/8	1/8	1	88												
6	6	17	17	0.5	1/2	1/2	Chord	3/4	3	1	1/8	1/8	1	89												
6	6	35/2	35/2	0.5	5/8	5/8	Chord	3/4	3	1	1/8	1/8	1	90												
7	7	18	18	1.0	0	0	Chord	3/4	1	1	1/4	1/4	1	91	Tr√§u-											
7	7	19	19	1.5	1/4	1/4	Chord	3/4	1	1	3/8	1/4	3/2	92	-men											
7	7	41/2	41/2	0.5	5/8	5/8	Chord	3/4	1	1	1/8	1/8	1	93	und											
7	7	18	18	1.0	0	0	Chord	3/4	2	1	1/4	1/4	1	94										7		
7	7	19	19	1.5	1/4	1/4	Chord	3/4	2	1	3/8	1/4	3/2	95												
7	7	41/2	41/2	0.5	5/8	5/8	Chord	3/4	2	1	1/8	1/8	1	96										8		
7	7	18	18	0.5	0	0	Chord	3/4	2	2	1/8	1/8	1	97												
7	7	37/2	37/2	0.5	1/8	1/8	Chord	3/4	2	2	1/8	1/8	1	98												
7	7	19	19	0.5	1/4	1/4	Chord	3/4	2	2	1/8	1/8	1	99												
7	7	39/2	39/2	0.5	3/8	3/8	Chord	3/4	2	2	1/8	1/8	1	100												
7	7	20	20	0.5	1/2	1/2	Chord	3/4	2	2	1/8	1/8	1	101												
7	7	41/2	41/2	0.5	5/8	5/8	Chord	3/4	2	2	1/8	1/8	1	102												
7	7	18	18	0.5	0	0	Chord	3/4	3	1	1/8	1/8	1	103												
7	7	37/2	37/2	0.5	1/8	1/8	Chord	3/4	3	1	1/8	1/8	1	104												
7	7	19	19	0.5	1/4	1/4	Chord	3/4	3	1	1/8	1/8	1	105												
7	7	39/2	39/2	0.5	3/8	3/8	Chord	3/4	3	1	1/8	1/8	1	106												
7	7	20	20	0.5	1/2	1/2	Chord	3/4	3	1	1/8	1/8	1	107												
7	7	41/2	41/2	0.5	5/8	5/8	Chord	3/4	3	1	1/8	1/8	1	108												
8	8	21	21	0.0	0	0	Spanner	3/4	1	1	0														3	
8	8	21	21	1.5	0	0	Chord	3/4	1	1	3/8	1/4	3/2	109	starr-										3	
8	8	45/2	45/2	0.0	3/8	3/8	Spanner	3/4	1	1	0															
8	8	45/2	45/2	0.25	3/8	3/8	Chord	3/4	1	1	1/16	1/16	1	110	-te											
8	8	91/4	91/4	0.25	7/16	7/16	Chord	3/4	1	1	1/16	1/16	1	111	ihr											
8	8	23	23	0.5	1/2	1/2	Chord	3/4	1	1	1/8	1/8	1	112	Bild-											
8	8	47/2	47/2	0.5	5/8	5/8	Chord	3/4	1	1	1/8	1/8	1	113	-niss											
8	8	21	21	1.5	0	0	Chord	3/4	2	1	3/8	1/4	3/2	114										8		
8	8	45/2	45/2	0.25	3/8	3/8	Chord	3/4	2	1	1/16	1/16	1	115										8		
8	8	91/4	91/4	0.25	7/16	7/16	Chord	3/4	2	1	1/16	1/16	1	116										8		
8	8	23	23	0.5	1/2	1/2	Chord	3/4	2	1	1/8	1/8	1	117										8		
8	8	47/2	47/2	0.5	5/8	5/8	Chord	3/4	2	1	1/8	1/8	1	118												
8	8	21	21	0.5	0	0	Chord	3/4	2	2	1/8	1/8	1	119												
8	8	43/2	43/2	0.5	1/8	1/8	Chord	3/4	2	2	1/8	1/8	1	120												
8	8	22	22	0.5	1/4	1/4	Chord	3/4	2	2	1/8	1/8	1	121												
8	8	45/2	45/2	0.5	3/8	3/8	Chord	3/4	2	2	1/8	1/8	1	122												
8	8	21	21	0.5	0	0	Chord	3/4	3	1	1/8	1/8	1	123												
8	8	43/2	43/2	0.5	1/8	1/8	Chord	3/4	3	1	1/8	1/8	1	124												
8	8	22	22	0.5	1/4	1/4	Chord	3/4	3	1	1/8	1/8	1	125												
8	8	45/2	45/2	0.5	3/8	3/8	Chord	3/4	3	1	1/8	1/8	1	126												
8	8	23	23	0.5	1/2	1/2	Chord	3/4	3	1	1/8	1/8	1	127												
8	8	47/2	47/2	0.5	5/8	5/8	Chord	3/4	3	1	1/8	1/8	1	128												
9	9	24	24	1.0	0	0	Chord	3/4	1	1	1/4	1/4	1	129	an,											
9	9	26	26	1.0	1/2	1/2	Chord	3/4	1	1	1/4	1/4	1	130	und											
9	9	24	24	0.5	0	0	Chord	3/4	2	1	1/8	1/8	1	131												
9	9	49/2	49/2	0.5	1/8	1/8	Chord	3/4	2	1	1/8	1/8	1	132												
9	9	25	25	0.5	1/4	1/4	Chord	3/4	2	1	1/8	1/8	1	133												
9	9	51/2	51/2	0.5	3/8	3/8	Chord	3/4	2	1	1/8	1/8	1	134												
9	9	26	26	0.5	1/2	1/2	Chord	3/4	2	1	1/8	1/8	1	135												
9	9	53/2	53/2	0.5	5/8	5/8	Chord	3/4	2	1	1/8	1/8	1	136												
9	9	24	24	0.5	0	0	Chord	3/4	3	1	1/8	1/8	1	137												
9	9	49/2	49/2	0.5	1/8	1/8	Chord	3/4	3	1	1/8	1/8	1	138												
9	9	25	25	0.5	1/4	1/4	Chord	3/4	3	1	1/8	1/8	1	139												
9	9	51/2	51/2	0.5	3/8	3/8	Chord	3/4	3	1	1/8	1/8	1	140												
9	9	26	26	0.5	1/2	1/2	Chord	3/4	3	1	1/8	1/8	1	141												
9	9	53/2	53/2	0.5	5/8	5/8	Chord	3/4	3	1	1/8	1/8	1	142												
10	10	27	27	0.5	0	0	Chord	3/4	1	1	1/8	1/8	1	143	das											
10	10	55/2	55/2	0.5	1/8	1/8	Chord	3/4	1	1	1/8	1/8	1	144	ge-											
10	10	28	28	1.0	1/4	1/4	Chord	3/4	1	1	1/4	1/4	1	145	-lieb-											
10	10	29	29	1.0	1/2	1/2	Chord	3/4	1	1	1/4	1/4	1	146	-te											
10	10	27	27	0.5	0	0	Chord	3/4	2	1	1/8	1/8	1	147												
10	10	55/2	55/2	0.5	1/8	1/8	Chord	3/4	2	1	1/8	1/8	1	148												
10	10	28	28	0.5	1/4	1/4	Chord	3/4	2	1	1/8	1/8	1	149												
10	10	57/2	57/2	0.5	3/8	3/8	Chord	3/4	2	1	1/8	1/8	1	150												
10	10	29	29	0.5	1/2	1/2	Chord	3/4	2	1	1/8	1/8	1	151												
10	10	59/2	59/2	0.0	5/8	5/8	Spanner	3/4	2	1	0															2
10	10	59/2	59/2	0.5	5/8	5/8	Chord	3/4	2	1	1/8	1/8	1	152												2
10	10	27	27	0.5	0	0	Chord	3/4	3	1	1/8	1/8	1	153												
10	10	55/2	55/2	0.5	1/8	1/8	Chord	3/4	3	1	1/8	1/8	1	154												
10	10	28	28	0.0	1/4	1/4	StaffText	3/4	3	1	0							cresc.								
10	10	28	28	0.5	1/4	1/4	Chord	3/4	3	1	1/8	1/8	1	155												
10	10	57/2	57/2	0.5	3/8	3/8	Chord	3/4	3	1	1/8	1/8	1	156												
10	10	29	29	0.5	1/2	1/2	Chord	3/4	3	1	1/8	1/8	1	157												
10	10	59/2	59/2	0.5	5/8	5/8	Chord	3/4	3	1	1/8	1/8	1	158												
11	11	30	30	2.0	0	0	Chord	3/4	1	1	1/2	1/2	1	159	Ant-											
11	11	32	32	1.0	1/2	1/2	Chord	3/4	1	1	1/4	1/4	1	160	-litz,											
11	11	30	30	0.5	0	0	Chord	3/4	2	1	1/8	1/8	1	161												2
11	11	61/2	61/2	0.5	1/8	1/8	Chord	3/4	2	1	1/8	1/8	1	162												2
11	11	31	31	0.5	1/4	1/4	Chord	3/4	2	1	1/8	1/8	1	163												2
11	11	63/2	63/2	0.5	3/8	3/8	Chord	3/4	2	1	1/8	1/8	1	164												2
11	11	32	32	0.0	1/2	1/2	Spanner	3/4	2	1	0															
11	11	32	32	0.5	1/2	1/2	Chord	3/4	2	1	1/8	1/8	1	165												
11	11	65/2	65/2	0.5	5/8	5/8	Chord	3/4	2	1	1/8	1/8	1	166												
11	11	30	30	0.5	0	0	Chord	3/4	3	1	1/8	1/8	1	167												
11	11	61/2	61/2	0.5	1/8	1/8	Chord	3/4	3	1	1/8	1/8	1	168												
11	11	31	31	0.5	1/4	1/4	Chord	3/4	3	1	1/8	1/8	1	169												
11	11	63/2	63/2	0.5	3/8	3/8	Chord	3/4	3	1	1/8	1/8	1	170												
11	11	32	32	0.5	1/2	1/2	Chord	3/4	3	1	1/8	1/8	1	171												
11	11	65/2	65/2	0.5	5/8	5/8	Chord	3/4	3	1	1/8	1/8	1	172												
12	12	33	33	0.5	0	0	Chord	3/4	1	1	1/8	1/8	1	173	heim-											
12	12	67/2	67/2	0.25	1/8	1/8	Chord	3/4	1	1	1/16	1/16	1	174	-lich											
12	12	135/4	135/4	0.25	3/16	3/16	Chord	3/4	1	1	1/16	1/16	1	175	zu											
12	12	34	34	1.0	1/4	1/4	Chord	3/4	1	1	1/4	1/4	1	176	le-											
12	12	35	35	0.5	1/2	1/2	Chord	3/4	1	1	1/8	1/8	1	177	-ben											
12	12	71/2	71/2	0.5	5/8	5/8	Chord	3/4	1	1	1/8	1/8	1	178	be-											
12	12	33	33	0.5	0	0	Chord	3/4	2	1	1/8	1/8	1	179												
12	12	67/2	67/2	0.5	1/8	1/8	Chord	3/4	2	1	1/8	1/8	1	180												
12	12	34	34	0.0	1/4	1/4	Spanner	3/4	2	1	0														4	
12	12	34	34	1.0	1/4	1/4	Chord	3/4	2	1	1/4	1/4	1	181											4	
12	12	35	35	0.0	1/2	1/2	Spanner	3/4	2	1	0															
12	12	35	35	0.5	1/2	1/2	Chord	3/4	2	1	1/8	1/8	1	182												
12	12	71/2	71/2	0.5	5/8	5/8	Chord	3/4	2	1	1/8	1/8	1	183												
12	12	34	34	0.5	1/4	1/4	Chord	3/4	2	2	1/8	1/8	1	184												
12	12	69/2	69/2	0.5	3/8	3/8	Chord	3/4	2	2	1/8	1/8	1	185												
12	12	35	35	0.5	1/2	1/2	Chord	3/4	2	2	1/8	1/8	1	186												
12	12	71/2	71/2	0.5	5/8	5/8	Chord	3/4	2	2	1/8	1/8	1	187												
12	12	33	33	0.5	0	0	Chord	3/4	3	1	1/8	1/8	1	188												
12	12	67/2	67/2	0.5	1/8	1/8	Chord	3/4	3	1	1/8	1/8	1	189												
12	12	34	34	0.5	1/4	1/4	Chord	3/4	3	1	1/8	1/8	1	190												
12	12	69/2	69/2	0.5	3/8	3/8	Chord	3/4	3	1	1/8	1/8	1	191												
12	12	35	35	0.5	1/2	1/2	Chord	3/4	3	1	1/8	1/8	1	192												
12	12	71/2	71/2	0.5	5/8	5/8	Chord	3/4	3	1	1/8	1/8	1	193												
13	13	36	36	2.0	0	0	Chord	3/4	1	1	1/2	1/2	1	194	-gann.											
13	13	36	36	2.0	0	0	Chord	3/4	2	1	1/2	1/2	1	195												
13	13	38	38	0.0	1/2	1/2	Dynamic	3/4	2	1	0					mf										
13	13	38	38	1.0	1/2	1/2	Chord	3/4	2	1	1/4	1/4	1	196			articAccentBelow							9		
13	13	36	36	0.5	0	0	Chord	3/4	2	2	1/8	1/8	1	197												
13	13	73/2	73/2	0.5	1/8	1/8	Chord	3/4	2	2	1/8	1/8	1	198												
13	13	37	37	0.5	1/4	1/4	Chord	3/4	2	2	1/8	1/8	1	199												
13	13	75/2	75/2	0.5	3/8	3/8	Chord	3/4	2	2	1/8	1/8	1	200												
13	13	36	36	0.5	0	0	Chord	3/4	3	1	1/8	1/8	1	201												
13	13	73/2	73/2	0.5	1/8	1/8	Chord	3/4	3	1	1/8	1/8	1	202												
13	13	37	37	0.5	1/4	1/4	Chord	3/4	3	1	1/8	1/8	1	203												
13	13	75/2	75/2	0.5	3/8	3/8	Chord	3/4	3	1	1/8	1/8	1	204												
13	13	38	38	0.5	1/2	1/2	Chord	3/4	3	1	1/8	1/8	1	205												
13	13	77/2	77/2	0.5	5/8	5/8	Chord	3/4	3	1	1/8	1/8	1	206												
14	14	39	39	1.0	0	0	Chord	3/4	2	1	1/4	1/4	1	207										9		
14	14	40	40	0.0	1/4	1/4	Spanner	3/4	2	1	0													9	5	
14	14	40	40	0.5	1/4	1/4	Chord	3/4	2	1	1/8	1/8	1	208										9	5	
14	14	81/2	81/2	0.5	3/8	3/8	Chord	3/4	2	1	1/8	1/8	1	209										9	5	
14	14	41	41	0.75	1/2	1/2	Chord	3/4	2	1	3/16	1/8	3/2	210										9	5	
14	14	167/4	167/4	0.25	11/16	11/16	Chord	3/4	2	1	1/16	1/16	1	211										9	5	
14	14	39	39	0.5	0	0	Chord	3/4	3	1	1/8	1/8	1	212												
14	14	79/2	79/2	0.5	1/8	1/8	Chord	3/4	3	1	1/8	1/8	1	213												
14	14	40	40	0.5	1/4	1/4	Chord	3/4	3	1	1/8	1/8	1	214												
14	14	81/2	81/2	0.5	3/8	3/8	Chord	3/4	3	1	1/8	1/8	1	215												
14	14	41	41	0.5	1/2	1/2	Chord	3/4	3	1	1/8	1/8	1	216												
14	14	83/2	83/2	0.5	5/8	5/8	Chord	3/4	3	1	1/8	1/8	1	217												
15	15	44	44	1.0	1/2	1/2	Chord	3/4	1	1	1/4	1/4	1	218	Um											
15	15	42	42	0.0	0	0	Spanner	3/4	2	1	0													9		
15	15	42	42	1.0	0	0	Chord	3/4	2	1	1/4	1/4	1	219										9		
15	15	43	43	1.0	1/4	1/4	Chord	3/4	2	1	1/4	1/4	1	220												
15	15	44	44	1.0	1/2	1/2	Chord	3/4	2	1	1/4	1/4	1	221												
15	15	44	44	0.5	1/2	1/2	Chord	3/4	2	2	1/8	1/8	1	222												
15	15	89/2	89/2	0.5	5/8	5/8	Chord	3/4	2	2	1/8	1/8	1	223												
15	15	42	42	0.5	0	0	Chord	3/4	3	1	1/8	1/8	1	224												
15	15	85/2	85/2	0.5	1/8	1/8	Chord	3/4	3	1	1/8	1/8	1	225												
15	15	43	43	0.5	1/4	1/4	Chord	3/4	3	1	1/8	1/8	1	226												
15	15	87/2	87/2	0.5	3/8	3/8	Chord	3/4	3	1	1/8	1/8	1	227												
15	15	44	44	0.5	1/2	1/2	Chord	3/4	3	1	1/8	1/8	1	228												
15	15	89/2	89/2	0.5	5/8	5/8	Chord	3/4	3	1	1/8	1/8	1	229												
16	16	45	45	1.0	0	0	Chord	3/4	1	1	1/4	1/4	1	230	ih-									10		
16	16	46	46	0.5	1/4	1/4	Chord	3/4	1	1	1/8	1/8	1	231												
16	16	93/2	93/2	0.5	3/8	3/8	Chord	3/4	1	1	1/8	1/8	1	232	-re											
16	16	47	47	0.5	1/2	1/2	Chord	3/4	1	1	1/8	1/8	1	233	Lip-											
16	16	95/2	95/2	0.5	5/8	5/8	Chord	3/4	1	1	1/8	1/8	1	234	-pen											
16	16	45	45	1.0	0	0	Chord	3/4	2	1	1/4	1/4	1	235												
16	16	46	46	0.5	1/4	1/4	Chord	3/4	2	1	1/8	1/8	1	236												
16	16	93/2	93/2	0.5	3/8	3/8	Chord	3/4	2	1	1/8	1/8	1	237												
16	16	47	47	0.5	1/2	1/2	Chord	3/4	2	1	1/8	1/8	1	238												
16	16	95/2	95/2	0.5	5/8	5/8	Chord	3/4	2	1	1/8	1/8	1	239												
16	16	45	45	0.5	0	0	Chord	3/4	2	2	1/8	1/8	1	240												
16	16	91/2	91/2	0.5	1/8	1/8	Chord	3/4	2	2	1/8	1/8	1	241												
16	16	47	47	0.5	1/2	1/2	Chord	3/4	3	1	1/8	1/8	1	242												
16	16	95/2	95/2	0.5	5/8	5/8	Chord	3/4	3	1	1/8	1/8	1	243												
16	16	45	45	0.5	0	0	Chord	3/4	3	2	1/8	1/8	1	244												
16	16	91/2	91/2	0.5	1/8	1/8	Chord	3/4	3	2	1/8	1/8	1	245												
16	16	46	46	0.5	1/4	1/4	Chord	3/4	3	2	1/8	1/8	1	246												
16	16	93/2	93/2	0.5	3/8	3/8	Chord	3/4	3	2	1/8	1/8	1	247												
16	16	47	47	0.5	1/2	1/2	Chord	3/4	3	2	1/8	1/8	1	248												
16	16	95/2	95/2	0.5	5/8	5/8	Chord	3/4	3	2	1/8	1/8	1	249												
17	17	48	48	1.0	0	0	Chord	3/4	1	1	1/4	1/4	1	250	zog											
17	17	49	49	1.0	1/4	1/4	Chord	3/4	1	1	1/4	1/4	1	251	sich,											
17	17	101/2	101/2	0.5	5/8	5/8	Chord	3/4	1	1	1/8	1/8	1	252	ein											
17	17	48	48	1.0	0	0	Chord	3/4	2	1	1/4	1/4	1	253												
17	17	49	49	1.0	1/4	1/4	Chord	3/4	2	1	1/4	1/4	1	254												
17	17	50	50	0.5	1/2	1/2	Chord	3/4	2	1	1/8	1/8	1	255												
17	17	101/2	101/2	0.5	5/8	5/8	Chord	3/4	2	1	1/8	1/8	1	256												
17	17	48	48	0.5	0	0	Chord	3/4	3	1	1/8	1/8	1	257												
17	17	97/2	97/2	0.5	1/8	1/8	Chord	3/4	3	1	1/8	1/8	1	258												
17	17	49	49	0.5	1/4	1/4	Chord	3/4	3	1	1/8	1/8	1	259												
17	17	99/2	99/2	0.5	3/8	3/8	Chord	3/4	3	1	1/8	1/8	1	260												
17	17	50	50	0.5	1/2	1/2	Chord	3/4	3	1	1/8	1/8	1	261												
17	17	101/2	101/2	0.5	5/8	5/8	Chord	3/4	3	1	1/8	1/8	1	262												
17	17	48	48	0.5	0	0	Chord	3/4	3	2	1/8	1/8	1	263												
17	17	97/2	97/2	0.5	1/8	1/8	Chord	3/4	3	2	1/8	1/8	1	264												
17	17	49	49	0.5	1/4	1/4	Chord	3/4	3	2	1/8	1/8	1	265												
17	17	99/2	99/2	0.5	3/8	3/8	Chord	3/4	3	2	1/8	1/8	1	266												
18	18	51	51	1.5	0	0	Chord	3/4	1	1	3/8	1/4	3/2	267	L√§-											
18	18	105/2	105/2	0.25	3/8	3/8	Chord	3/4	1	1	1/16	1/16	1	268	-cheln									11		
18	18	211/4	211/4	0.25	7/16	7/16	Chord	3/4	1	1	1/16	1/16	1	269												
18	18	53	53	0.5	1/2	1/2	Chord	3/4	1	1	1/8	1/8	1	270	wun-											
18	18	107/2	107/2	0.5	5/8	5/8	Chord	3/4	1	1	1/8	1/8	1	271	-der-											
18	18	51	51	0.5	0	0	Chord	3/4	2	1	1/8	1/8	1	272												
18	18	103/2	103/2	0.5	1/8	1/8	Chord	3/4	2	1	1/8	1/8	1	273												
18	18	52	52	0.5	1/4	1/4	Chord	3/4	2	1	1/8	1/8	1	274												
18	18	105/2	105/2	0.5	3/8	3/8	Chord	3/4	2	1	1/8	1/8	1	275												
18	18	53	53	0.5	1/2	1/2	Chord	3/4	2	1	1/8	1/8	1	276												
18	18	107/2	107/2	0.5	5/8	5/8	Chord	3/4	2	1	1/8	1/8	1	277												
18	18	51	51	0.5	0	0	Chord	3/4	3	1	1/8	1/8	1	278												
18	18	103/2	103/2	0.5	1/8	1/8	Chord	3/4	3	1	1/8	1/8	1	279												
18	18	52	52	0.5	1/4	1/4	Chord	3/4	3	1	1/8	1/8	1	280												
18	18	105/2	105/2	0.5	3/8	3/8	Chord	3/4	3	1	1/8	1/8	1	281												
18	18	53	53	0.5	1/2	1/2	Chord	3/4	3	1	1/8	1/8	1	282												
18	18	107/2	107/2	0.5	5/8	5/8	Chord	3/4	3	1	1/8	1/8	1	283												
19	19	54	54	2.0	0	0	Chord	3/4	1	1	1/2	1/2	1	284	-bar											
19	19	56	56	1.0	1/2	1/2	Chord	3/4	1	1	1/4	1/4	1	285	und											
19	19	54	54	0.5	0	0	Chord	3/4	2	1	1/8	1/8	1	286												
19	19	109/2	109/2	0.5	1/8	1/8	Chord	3/4	2	1	1/8	1/8	1	287												
19	19	55	55	0.5	1/4	1/4	Chord	3/4	2	1	1/8	1/8	1	288												
19	19	111/2	111/2	0.5	3/8	3/8	Chord	3/4	2	1	1/8	1/8	1	289												
19	19	56	56	0.5	1/2	1/2	Chord	3/4	2	1	1/8	1/8	1	290												
19	19	113/2	113/2	0.5	5/8	5/8	Chord	3/4	2	1	1/8	1/8	1	291												
19	19	54	54	0.5	0	0	Chord	3/4	3	1	1/8	1/8	1	292												
19	19	109/2	109/2	0.5	1/8	1/8	Chord	3/4	3	1	1/8	1/8	1	293												
19	19	55	55	0.5	1/4	1/4	Chord	3/4	3	1	1/8	1/8	1	294												
19	19	111/2	111/2	0.5	3/8	3/8	Chord	3/4	3	1	1/8	1/8	1	295												
19	19	56	56	0.5	1/2	1/2	Chord	3/4	3	1	1/8	1/8	1	296												
19	19	113/2	113/2	0.5	5/8	5/8	Chord	3/4	3	1	1/8	1/8	1	297												
20	20	57	57	1.5	0	0	Chord	3/4	1	1	3/8	1/4	3/2	298	wie											
20	20	117/2	117/2	0.5	3/8	3/8	Chord	3/4	1	1	1/8	1/8	1	299	von											
20	20	59	59	0.0	1/2	1/2	Spanner	3/4	1	1	0															3
20	20	59	59	0.5	1/2	1/2	Chord	3/4	1	1	1/8	1/8	1	300	Weh-											3
20	20	119/2	119/2	0.5	5/8	5/8	Chord	3/4	1	1	1/8	1/8	1	301	-muths-											3
20	20	57	57	1.5	0	0	Chord	3/4	2	1	3/8	1/4	3/2	302												
20	20	117/2	117/2	0.5	3/8	3/8	Chord	3/4	2	1	1/8	1/8	1	303												
20	20	59	59	0.5	1/2	1/2	Chord	3/4	2	1	1/8	1/8	1	304												
20	20	119/2	119/2	0.5	5/8	5/8	Chord	3/4	2	1	1/8	1/8	1	305												
20	20	57	57	0.5	0	0	Chord	3/4	2	2	1/8	1/8	1	306												
20	20	115/2	115/2	0.5	1/8	1/8	Chord	3/4	2	2	1/8	1/8	1	307												
20	20	58	58	0.5	1/4	1/4	Chord	3/4	2	2	1/8	1/8	1	308												
20	20	117/2	117/2	0.5	3/8	3/8	Chord	3/4	2	2	1/8	1/8	1	309												
20	20	59	59	0.5	1/2	1/2	Chord	3/4	2	2	1/8	1/8	1	310												
20	20	119/2	119/2	0.5	5/8	5/8	Chord	3/4	2	2	1/8	1/8	1	311												
20	20	57	57	0.5	0	0	Chord	3/4	3	1	1/8	1/8	1	312												
20	20	115/2	115/2	0.5	1/8	1/8	Chord	3/4	3	1	1/8	1/8	1	313												
20	20	58	58	0.5	1/4	1/4	Chord	3/4	3	1	1/8	1/8	1	314												
20	20	117/2	117/2	0.5	3/8	3/8	Chord	3/4	3	1	1/8	1/8	1	315												
20	20	59	59	0.5	1/2	1/2	Chord	3/4	3	1	1/8	1/8	1	316												
20	20	119/2	119/2	0.5	5/8	5/8	Chord	3/4	3	1	1/8	1/8	1	317												
21	21	60	60	0.0	0	0	Spanner	3/4	1	1	0															
21	21	60	60	1.0	0	0	Chord	3/4	1	1	1/4	1/4	1	318	-thr√§-											
21	21	61	61	0.0	1/4	1/4	Spanner	3/4	1	1	0														6	
21	21	61	61	1.5	1/4	1/4	Chord	3/4	1	1	3/8	1/4	3/2	319	-nen										6	
21	21	125/2	125/2	0.5	5/8	5/8	Chord	3/4	1	1	1/8	1/8	1	320	er-										6	
21	21	60	60	1.0	0	0	Chord	3/4	2	1	1/4	1/4	1	321												
21	21	61	61	1.5	1/4	1/4	Chord	3/4	2	1	3/8	1/4	3/2	322												
21	21	125/2	125/2	0.5	5/8	5/8	Chord	3/4	2	1	1/8	1/8	1	323												
21	21	60	60	0.5	0	0	Chord	3/4	2	2	1/8	1/8	1	324												
21	21	121/2	121/2	0.5	1/8	1/8	Chord	3/4	2	2	1/8	1/8	1	325												
21	21	61	61	0.5	1/4	1/4	Chord	3/4	2	2	1/8	1/8	1	326												
21	21	123/2	123/2	0.5	3/8	3/8	Chord	3/4	2	2	1/8	1/8	1	327												
21	21	62	62	0.5	1/2	1/2	Chord	3/4	2	2	1/8	1/8	1	328												
21	21	125/2	125/2	0.5	5/8	5/8	Chord	3/4	2	2	1/8	1/8	1	329												
21	21	60	60	0.5	0	0	Chord	3/4	3	1	1/8	1/8	1	330												
21	21	121/2	121/2	0.5	1/8	1/8	Chord	3/4	3	1	1/8	1/8	1	331												
21	21	61	61	0.5	1/4	1/4	Chord	3/4	3	1	1/8	1/8	1	332												
21	21	123/2	123/2	0.5	3/8	3/8	Chord	3/4	3	1	1/8	1/8	1	333												
21	21	62	62	0.5	1/2	1/2	Chord	3/4	3	1	1/8	1/8	1	334												
21	21	125/2	125/2	0.5	5/8	5/8	Chord	3/4	3	1	1/8	1/8	1	335												
22	22	63	63	0.0	0	0	Spanner	3/4	1	1	0															
22	22	63	63	1.0	0	0	Chord	3/4	1	1	1/4	1/4	1	336	-gl√§nz-											
22	22	64	64	0.5	1/4	1/4	Chord	3/4	1	1	1/8	1/8	1	337	-te											
22	22	129/2	129/2	0.5	3/8	3/8	Chord	3/4	1	1	1/8	1/8	1	338	ihr											
22	22	65	65	0.5	1/2	1/2	Chord	3/4	1	1	1/8	1/8	1	339	Au-											
22	22	131/2	131/2	0.5	5/8	5/8	Chord	3/4	1	1	1/8	1/8	1	340	-gen-											
22	22	63	63	1.5	0	0	Chord	3/4	2	1	3/8	1/4	3/2	341												
22	22	129/2	129/2	0.5	3/8	3/8	Chord	3/4	2	1	1/8	1/8	1	342												
22	22	65	65	0.5	1/2	1/2	Chord	3/4	2	1	1/8	1/8	1	343												
22	22	131/2	131/2	0.5	5/8	5/8	Chord	3/4	2	1	1/8	1/8	1	344												
22	22	63	63	0.5	0	0	Chord	3/4	2	2	1/8	1/8	1	345												
22	22	127/2	127/2	0.5	1/8	1/8	Chord	3/4	2	2	1/8	1/8	1	346												
22	22	64	64	0.5	1/4	1/4	Chord	3/4	2	2	1/8	1/8	1	347												
22	22	129/2	129/2	0.5	3/8	3/8	Chord	3/4	2	2	1/8	1/8	1	348												
22	22	65	65	0.5	1/2	1/2	Chord	3/4	2	2	1/8	1/8	1	349												
22	22	131/2	131/2	0.5	5/8	5/8	Chord	3/4	2	2	1/8	1/8	1	350												
22	22	63	63	0.5	0	0	Chord	3/4	3	1	1/8	1/8	1	351												
22	22	127/2	127/2	0.5	1/8	1/8	Chord	3/4	3	1	1/8	1/8	1	352												
22	22	64	64	0.5	1/4	1/4	Chord	3/4	3	1	1/8	1/8	1	353												
22	22	129/2	129/2	0.5	3/8	3/8	Chord	3/4	3	1	1/8	1/8	1	354												
22	22	65	65	0.5	1/2	1/2	Chord	3/4	3	1	1/8	1/8	1	355												
22	22	131/2	131/2	0.5	5/8	5/8	Chord	3/4	3	1	1/8	1/8	1	356												
23	23	66	66	2.0	0	0	Chord	3/4	1	1	1/2	1/2	1	357	-paar.									12		
23	23	68	68	1.0	1/2	1/2	Chord	3/4	1	1	1/4	1/4	1	358	Auch											
23	23	66	66	2.0	0	0	Chord	3/4	2	1	1/2	1/2	1	359												
23	23	68	68	1.0	1/2	1/2	Chord	3/4	2	1	1/4	1/4	1	360												
23	23	66	66	0.5	0	0	Chord	3/4	2	2	1/8	1/8	1	361												
23	23	133/2	133/2	0.5	1/8	1/8	Chord	3/4	2	2	1/8	1/8	1	362												
23	23	67	67	0.5	1/4	1/4	Chord	3/4	2	2	1/8	1/8	1	363												
23	23	135/2	135/2	0.5	3/8	3/8	Chord	3/4	2	2	1/8	1/8	1	364												
23	23	68	68	0.5	1/2	1/2	Chord	3/4	2	2	1/8	1/8	1	365												
23	23	137/2	137/2	0.5	5/8	5/8	Chord	3/4	2	2	1/8	1/8	1	366												
23	23	66	66	0.5	0	0	Chord	3/4	3	1	1/8	1/8	1	367												
23	23	133/2	133/2	0.5	1/8	1/8	Chord	3/4	3	1	1/8	1/8	1	368												
23	23	67	67	0.5	1/4	1/4	Chord	3/4	3	1	1/8	1/8	1	369												
23	23	135/2	135/2	0.5	3/8	3/8	Chord	3/4	3	1	1/8	1/8	1	370												
23	23	68	68	0.5	1/2	1/2	Chord	3/4	3	1	1/8	1/8	1	371												
23	23	137/2	137/2	0.5	5/8	5/8	Chord	3/4	3	1	1/8	1/8	1	372												
24	24	69	69	1.5	0	0	Chord	3/4	1	1	3/8	1/4	3/2	373	mei-											
24	24	141/2	141/2	0.0	3/8	3/8	Spanner	3/4	1	1	0															4
24	24	141/2	141/2	0.5	3/8	3/8	Chord	3/4	1	1	1/8	1/8	1	374	-ne											4
24	24	71	71	0.5	1/2	1/2	Chord	3/4	1	1	1/8	1/8	1	375	Thr√§-											4
24	24	143/2	143/2	0.5	5/8	5/8	Chord	3/4	1	1	1/8	1/8	1	376	-nen											4
24	24	69	69	0.5	0	0	Chord	3/4	2	1	1/8	1/8	1	377												
24	24	139/2	139/2	0.5	1/8	1/8	Chord	3/4	2	1	1/8	1/8	1	378												
24	24	70	70	0.5	1/4	1/4	Chord	3/4	2	1	1/8	1/8	1	379												
24	24	141/2	141/2	0.5	3/8	3/8	Chord	3/4	2	1	1/8	1/8	1	380												
24	24	71	71	0.5	1/2	1/2	Chord	3/4	2	1	1/8	1/8	1	381												
24	24	143/2	143/2	0.5	5/8	5/8	Chord	3/4	2	1	1/8	1/8	1	382												
24	24	69	69	0.5	0	0	Chord	3/4	3	1	1/8	1/8	1	383												
24	24	139/2	139/2	0.5	1/8	1/8	Chord	3/4	3	1	1/8	1/8	1	384												
24	24	70	70	0.5	1/4	1/4	Chord	3/4	3	1	1/8	1/8	1	385												
24	24	141/2	141/2	0.5	3/8	3/8	Chord	3/4	3	1	1/8	1/8	1	386												
24	24	71	71	0.5	1/2	1/2	Chord	3/4	3	1	1/8	1/8	1	387												
24	24	143/2	143/2	0.5	5/8	5/8	Chord	3/4	3	1	1/8	1/8	1	388												
25	25	72	72	0.0	0	0	Spanner	3/4	1	1	0															
25	25	72	72	0.0	0	0	Spanner	3/4	1	1	0														7	
25	25	72	72	1.0	0	0	Chord	3/4	1	1	1/4	1/4	1	389	flos-										7	
25	25	73	73	1.0	1/4	1/4	Chord	3/4	1	1	1/4	1/4	1	390	-sen										7	
25	25	74	74	0.0	1/2	1/2	Spanner	3/4	1	1	0															
25	25	149/2	149/2	0.5	5/8	5/8	Chord	3/4	1	1	1/8	1/8	1	391	mir											
25	25	72	72	0.5	0	0	Chord	3/4	2	1	1/8	1/8	1	392												
25	25	145/2	145/2	0.5	1/8	1/8	Chord	3/4	2	1	1/8	1/8	1	393												
25	25	73	73	0.5	1/4	1/4	Chord	3/4	2	1	1/8	1/8	1	394												
25	25	147/2	147/2	0.5	3/8	3/8	Chord	3/4	2	1	1/8	1/8	1	395												
25	25	74	74	0.5	1/2	1/2	Chord	3/4	2	1	1/8	1/8	1	396												
25	25	149/2	149/2	0.5	5/8	5/8	Chord	3/4	2	1	1/8	1/8	1	397												
25	25	72	72	0.5	0	0	Chord	3/4	3	1	1/8	1/8	1	398												
25	25	145/2	145/2	0.5	1/8	1/8	Chord	3/4	3	1	1/8	1/8	1	399												
25	25	73	73	0.5	1/4	1/4	Chord	3/4	3	1	1/8	1/8	1	400												
25	25	147/2	147/2	0.5	3/8	3/8	Chord	3/4	3	1	1/8	1/8	1	401												
25	25	74	74	0.5	1/2	1/2	Chord	3/4	3	1	1/8	1/8	1	402												
25	25	149/2	149/2	0.5	5/8	5/8	Chord	3/4	3	1	1/8	1/8	1	403												
26	26	75	75	0.0	0	0	Spanner	3/4	1	1	0															5
26	26	75	75	1.5	0	0	Chord	3/4	1	1	3/8	1/4	3/2	404	von											5
26	26	153/2	153/2	0.5	3/8	3/8	Chord	3/4	1	1	1/8	1/8	1	405	den											5
26	26	77	77	0.0	1/2	1/2	Spanner	3/4	1	1	0															
26	26	77	77	0.0	1/2	1/2	Spanner	3/4	1	1	0														8	
26	26	77	77	0.5	1/2	1/2	Chord	3/4	1	1	1/8	1/8	1	406	Wan-										8	
26	26	155/2	155/2	0.25	5/8	5/8	Chord	3/4	1	1	1/16	1/16	1	407	-gen										8	
26	26	311/4	311/4	0.25	11/16	11/16	Chord	3/4	1	1	1/16	1/16	1	408	her-										8	
26	26	75	75	0.5	0	0	Chord	3/4	2	1	1/8	1/8	1	409												
26	26	151/2	151/2	0.5	1/8	1/8	Chord	3/4	2	1	1/8	1/8	1	410												
26	26	76	76	0.5	1/4	1/4	Chord	3/4	2	1	1/8	1/8	1	411												
26	26	153/2	153/2	0.5	3/8	3/8	Chord	3/4	2	1	1/8	1/8	1	412												
26	26	77	77	0.5	1/2	1/2	Chord	3/4	2	1	1/8	1/8	1	413												
26	26	155/2	155/2	0.5	5/8	5/8	Chord	3/4	2	1	1/8	1/8	1	414												
26	26	75	75	0.5	0	0	Chord	3/4	3	1	1/8	1/8	1	415												
26	26	151/2	151/2	0.5	1/8	1/8	Chord	3/4	3	1	1/8	1/8	1	416												
26	26	76	76	0.5	1/4	1/4	Chord	3/4	3	1	1/8	1/8	1	417												
26	26	153/2	153/2	0.5	3/8	3/8	Chord	3/4	3	1	1/8	1/8	1	418												
26	26	77	77	0.5	1/2	1/2	Chord	3/4	3	1	1/8	1/8	1	419												
26	26	155/2	155/2	0.5	5/8	5/8	Chord	3/4	3	1	1/8	1/8	1	420												
27	27	78	78	0.0	0	0	Spanner	3/4	1	1	0															
27	27	78	78	0.0	0	0	Spanner	3/4	1	1	0															6
27	27	78	78	2.0	0	0	Chord	3/4	1	1	1/2	1/2	1	421	-ab,									13		6
27	27	80	80	1.0	1/2	1/2	Chord	3/4	1	1	1/4	1/4	1	422	und											6
27	27	78	78	0.5	0	0	Chord	3/4	2	1	1/8	1/8	1	423												
27	27	157/2	157/2	0.5	1/8	1/8	Chord	3/4	2	1	1/8	1/8	1	424												
27	27	79	79	0.5	1/4	1/4	Chord	3/4	2	1	1/8	1/8	1	425												
27	27	159/2	159/2	0.5	3/8	3/8	Chord	3/4	2	1	1/8	1/8	1	426												
27	27	80	80	0.5	1/2	1/2	Chord	3/4	2	1	1/8	1/8	1	427												
27	27	161/2	161/2	0.5	5/8	5/8	Chord	3/4	2	1	1/8	1/8	1	428												
27	27	78	78	0.5	0	0	Chord	3/4	3	1	1/8	1/8	1	429												
27	27	157/2	157/2	0.5	1/8	1/8	Chord	3/4	3	1	1/8	1/8	1	430												
27	27	79	79	0.5	1/4	1/4	Chord	3/4	3	1	1/8	1/8	1	431												
27	27	159/2	159/2	0.5	3/8	3/8	Chord	3/4	3	1	1/8	1/8	1	432												
27	27	80	80	0.5	1/2	1/2	Chord	3/4	3	1	1/8	1/8	1	433												
27	27	161/2	161/2	0.5	5/8	5/8	Chord	3/4	3	1	1/8	1/8	1	434												
28	28	81	81	0.0	0	0	Spanner	3/4	1	1	0															
28	28	81	81	1.5	0	0	Chord	3/4	1	1	3/8	1/4	3/2	435	ach,											
28	28	165/2	165/2	0.5	3/8	3/8	Chord	3/4	1	1	1/8	1/8	1	436	ich											
28	28	83	83	0.5	1/2	1/2	Chord	3/4	1	1	1/8	1/8	1	437	kanns											
28	28	167/2	167/2	0.5	5/8	5/8	Chord	3/4	1	1	1/8	1/8	1	438	nicht											
28	28	81	81	1.5	0	0	Chord	3/4	2	1	3/8	1/4	3/2	439												
28	28	165/2	165/2	0.5	3/8	3/8	Chord	3/4	2	1	1/8	1/8	1	440												
28	28	83	83	0.5	1/2	1/2	Chord	3/4	2	1	1/8	1/8	1	441												
28	28	167/2	167/2	0.5	5/8	5/8	Chord	3/4	2	1	1/8	1/8	1	442												
28	28	81	81	0.5	0	0	Chord	3/4	2	2	1/8	1/8	1	443												
28	28	163/2	163/2	0.5	1/8	1/8	Chord	3/4	2	2	1/8	1/8	1	444												
28	28	82	82	0.5	1/4	1/4	Chord	3/4	2	2	1/8	1/8	1	445												
28	28	165/2	165/2	0.5	3/8	3/8	Chord	3/4	2	2	1/8	1/8	1	446												
28	28	83	83	0.5	1/2	1/2	Chord	3/4	2	2	1/8	1/8	1	447												
28	28	167/2	167/2	0.5	5/8	5/8	Chord	3/4	2	2	1/8	1/8	1	448												
28	28	81	81	0.5	0	0	Chord	3/4	3	1	1/8	1/8	1	449												
28	28	163/2	163/2	0.5	1/8	1/8	Chord	3/4	3	1	1/8	1/8	1	450												
28	28	82	82	0.5	1/4	1/4	Chord	3/4	3	1	1/8	1/8	1	451												
28	28	165/2	165/2	0.5	3/8	3/8	Chord	3/4	3	1	1/8	1/8	1	452												
28	28	83	83	0.5	1/2	1/2	Chord	3/4	3	1	1/8	1/8	1	453												
28	28	167/2	167/2	0.5	5/8	5/8	Chord	3/4	3	1	1/8	1/8	1	454												
29	29	84	84	0.5	0	0	Chord	3/4	1	1	1/8	1/8	1	455	glau-											
29	29	169/2	169/2	0.5	1/8	1/8	Chord	3/4	1	1	1/8	1/8	1	456												
29	29	85	85	1.0	1/4	1/4	Chord	3/4	1	1	1/4	1/4	1	457	-ben,											
29	29	86	86	0.5	1/2	1/2	Chord	3/4	1	1	1/8	1/8	1	458	dass											
29	29	173/2	173/2	0.5	5/8	5/8	Chord	3/4	1	1	1/8	1/8	1	459	ich											
29	29	84	84	0.5	0	0	Chord	3/4	2	1	1/8	1/8	1	460												
29	29	169/2	169/2	0.5	1/8	1/8	Chord	3/4	2	1	1/8	1/8	1	461												
29	29	85	85	0.5	1/4	1/4	Chord	3/4	2	1	1/8	1/8	1	462												
29	29	171/2	171/2	0.5	3/8	3/8	Chord	3/4	2	1	1/8	1/8	1	463												
29	29	86	86	0.5	1/2	1/2	Chord	3/4	2	1	1/8	1/8	1	464												
29	29	173/2	173/2	0.5	5/8	5/8	Chord	3/4	2	1	1/8	1/8	1	465												
29	29	84	84	0.5	0	0	Chord	3/4	3	1	1/8	1/8	1	466												
29	29	169/2	169/2	0.5	1/8	1/8	Chord	3/4	3	1	1/8	1/8	1	467												
29	29	85	85	0.5	1/4	1/4	Chord	3/4	3	1	1/8	1/8	1	468												
29	29	171/2	171/2	0.5	3/8	3/8	Chord	3/4	3	1	1/8	1/8	1	469												
29	29	86	86	0.5	1/2	1/2	Chord	3/4	3	1	1/8	1/8	1	470												
29	29	173/2	173/2	0.5	5/8	5/8	Chord	3/4	3	1	1/8	1/8	1	471												
30	30	87	87	0.0	0	0	StaffText	3/4	1	1	0							rit.								
30	30	87	87	1.5	0	0	Chord	3/4	1	1	3/8	1/4	3/2	472	Dich											
30	30	177/2	177/2	0.0	3/8	3/8	Spanner	3/4	1	1	0														9	
30	30	177/2	177/2	0.5	3/8	3/8	Chord	3/4	1	1	1/8	1/8	1	473	ver-										9	
30	30	89	89	0.5	1/2	1/2	Chord	3/4	1	1	1/8	1/8	1	474	-lo-										9	
30	30	179/2	179/2	0.5	5/8	5/8	Chord	3/4	1	1	1/8	1/8	1	475	-ren										9	
30	30	87	87	0.0	0	0	StaffText	3/4	2	1	0							rit.								
30	30	87	87	1.5	0	0	Chord	3/4	2	1	3/8	1/4	3/2	476												
30	30	177/2	177/2	0.5	3/8	3/8	Chord	3/4	2	1	1/8	1/8	1	477												
30	30	89	89	0.5	1/2	1/2	Chord	3/4	2	1	1/8	1/8	1	478												
30	30	179/2	179/2	0.5	5/8	5/8	Chord	3/4	2	1	1/8	1/8	1	479												
30	30	87	87	0.5	0	0	Chord	3/4	2	2	1/8	1/8	1	480												
30	30	175/2	175/2	0.5	1/8	1/8	Chord	3/4	2	2	1/8	1/8	1	481												
30	30	88	88	0.0	1/4	1/4	Spanner	3/4	2	2	0														10	
30	30	88	88	0.5	1/4	1/4	Chord	3/4	2	2	1/8	1/8	1	482											10	
30	30	177/2	177/2	0.5	3/8	3/8	Chord	3/4	2	2	1/8	1/8	1	483											10	
30	30	89	89	0.5	1/2	1/2	Chord	3/4	2	2	1/8	1/8	1	484											10	
30	30	179/2	179/2	0.5	5/8	5/8	Chord	3/4	2	2	1/8	1/8	1	485											10	
30	30	87	87	0.5	0	0	Chord	3/4	3	1	1/8	1/8	1	486												
30	30	175/2	175/2	0.5	1/8	1/8	Chord	3/4	3	1	1/8	1/8	1	487												
30	30	88	88	0.5	1/4	1/4	Chord	3/4	3	1	1/8	1/8	1	488												
30	30	177/2	177/2	0.5	3/8	3/8	Chord	3/4	3	1	1/8	1/8	1	489												
30	30	89	89	0.5	1/2	1/2	Chord	3/4	3	1	1/8	1/8	1	490												
30	30	179/2	179/2	0.5	5/8	5/8	Chord	3/4	3	1	1/8	1/8	1	491												
31	31	90	90	0.0	0	0	Spanner	3/4	1	1	0															
31	31	90	90	2.0	0	0	Chord	3/4	1	1	1/2	1/2	1	492	hab!											
31	31	90	90	0.5	0	0	Chord	3/4	2	1	1/8	1/8	1	493												
31	31	181/2	181/2	0.5	1/8	1/8	Chord	3/4	2	1	1/8	1/8	1	494										14		
31	31	91	91	0.5	1/4	1/4	Chord	3/4	2	1	1/8	1/8	1	495										14		
31	31	183/2	183/2	0.5	3/8	3/8	Chord	3/4	2	1	1/8	1/8	1	496										14		
31	31	92	92	0.5	1/2	1/2	Chord	3/4	2	1	1/8	1/8	1	497										14		
31	31	185/2	185/2	0.5	5/8	5/8	Chord	3/4	2	1	1/8	1/8	1	498										14		
31	31	90	90	0.0	0	0	Spanner	3/4	2	2	0															
31	31	90	90	0.5	0	0	Chord	3/4	3	1	1/8	1/8	1	499												
31	31	181/2	181/2	0.5	1/8	1/8	Chord	3/4	3	1	1/8	1/8	1	500												
31	31	91	91	0.5	1/4	1/4	Chord	3/4	3	1	1/8	1/8	1	501												
31	31	183/2	183/2	0.5	3/8	3/8	Chord	3/4	3	1	1/8	1/8	1	502												
31	31	92	92	0.5	1/2	1/2	Chord	3/4	3	1	1/8	1/8	1	503												
31	31	185/2	185/2	0.5	5/8	5/8	Chord	3/4	3	1	1/8	1/8	1	504												
32	32	93	93	1.0	0	0	Chord	3/4	2	1	1/4	1/4	1	505										14		
32	32	94	94	1.5	1/4	1/4	Chord	3/4	2	1	3/8	1/4	3/2	506												
32	32	191/2	191/2	0.5	5/8	5/8	Chord	3/4	2	1	1/8	1/8	1	507										15		
32	32	93	93	0.5	0	0	Chord	3/4	2	2	1/8	1/8	1	508												
32	32	187/2	187/2	0.5	1/8	1/8	Chord	3/4	2	2	1/8	1/8	1	509												
32	32	94	94	0.5	1/4	1/4	Chord	3/4	2	2	1/8	1/8	1	510												
32	32	189/2	189/2	0.5	3/8	3/8	Chord	3/4	2	2	1/8	1/8	1	511												
32	32	95	95	0.5	1/2	1/2	Chord	3/4	2	2	1/8	1/8	1	512												
32	32	191/2	191/2	0.5	5/8	5/8	Chord	3/4	2	2	1/8	1/8	1	513												
32	32	93	93	0.5	0	0	Chord	3/4	3	1	1/8	1/8	1	514												
32	32	187/2	187/2	0.5	1/8	1/8	Chord	3/4	3	1	1/8	1/8	1	515												
32	32	94	94	1.5	1/4	1/4	Chord	3/4	3	1	3/8	1/4	3/2	516												
32	32	191/2	191/2	0.5	5/8	5/8	Chord	3/4	3	1	1/8	1/8	1	517												
32	32	94	94	0.5	1/4	1/4	Chord	3/4	3	2	1/8	1/8	1	518												
32	32	189/2	189/2	0.5	3/8	3/8	Chord	3/4	3	2	1/8	1/8	1	519												
32	32	95	95	0.5	1/2	1/2	Chord	3/4	3	2	1/8	1/8	1	520												
32	32	191/2	191/2	0.5	5/8	5/8	Chord	3/4	3	2	1/8	1/8	1	521												
33	33	96	96	1.5	0	0	Chord	3/4	2	1	3/8	1/4	3/2	522										15		
33	33	195/2	195/2	0.25	3/8	3/8	Chord	3/4	2	1	1/16	1/16	1	523										15		
33	33	391/4	391/4	0.25	7/16	7/16	Chord	3/4	2	1	1/16	1/16	1	524										15		
33	33	98	98	0.5	1/2	1/2	Chord	3/4	2	1	1/8	1/8	1	525										15		
33	33	197/2	197/2	0.5	5/8	5/8	Chord	3/4	2	1	1/8	1/8	1	526												
33	33	96	96	0.5	0	0	Chord	3/4	2	2	1/8	1/8	1	527												
33	33	193/2	193/2	0.5	1/8	1/8	Chord	3/4	2	2	1/8	1/8	1	528												
33	33	97	97	0.5	1/4	1/4	Chord	3/4	2	2	1/8	1/8	1	529												
33	33	195/2	195/2	0.5	3/8	3/8	Chord	3/4	2	2	1/8	1/8	1	530												
33	33	98	98	0.5	1/2	1/2	Chord	3/4	2	2	1/8	1/8	1	531												
33	33	197/2	197/2	0.5	5/8	5/8	Chord	3/4	2	2	1/8	1/8	1	532												
33	33	96	96	0.5	0	0	Chord	3/4	3	1	1/8	1/8	1	533												
33	33	193/2	193/2	0.5	1/8	1/8	Chord	3/4	3	1	1/8	1/8	1	534												
33	33	97	97	0.5	1/4	1/4	Chord	3/4	3	1	1/8	1/8	1	535												
33	33	195/2	195/2	0.5	3/8	3/8	Chord	3/4	3	1	1/8	1/8	1	536												
33	33	98	98	0.5	1/2	1/2	Chord	3/4	3	1	1/8	1/8	1	537												
33	33	197/2	197/2	0.5	5/8	5/8	Chord	3/4	3	1	1/8	1/8	1	538												
34	34	99	99	0.5	0	0	Chord	3/4	2	1	1/8	1/8	1	539										16		
34	34	199/2	199/2	0.5	1/8	1/8	Chord	3/4	2	1	1/8	1/8	1	540										16		
34	34	100	100	0.2	1/4	1/4	Chord	3/4	2	1	1/20	1/16	4/5	541										16, 17		
34	34	501/5	501/5	0.2	3/10	3/10	Chord	3/4	2	1	1/20	1/16	4/5	542										16, 17		
34	34	502/5	502/5	0.2	7/20	7/20	Chord	3/4	2	1	1/20	1/16	4/5	543										16, 17		
34	34	503/5	503/5	0.2	2/5	2/5	Chord	3/4	2	1	1/20	1/16	4/5	544										16, 17		
34	34	504/5	504/5	0.0	9/20	9/20	StaffText	3/4	2	1	0							ritardando						16		
34	34	504/5	504/5	0.2	9/20	9/20	Chord	3/4	2	1	1/20	1/16	4/5	545										16		
34	34	101	101	0.5	1/2	1/2	Chord	3/4	2	1	1/8	1/8	1	546										16		
34	34	203/2	203/2	0.5	5/8	5/8	Chord	3/4	2	1	1/8	1/8	1	547										16		
34	34	100	100	0.0	1/4	1/4	Spanner	3/4	2	2	0															7
34	34	100	100	1.0	1/4	1/4	Chord	3/4	2	2	1/4	1/4	1	548												7
34	34	101	101	0.0	1/2	1/2	Spanner	3/4	2	2	0															
34	34	101	101	1.0	1/2	1/2	Chord	3/4	2	2	1/4	1/4	1	549												
34	34	99	99	1.0	0	0	Chord	3/4	3	1	1/4	1/4	1	550												
34	34	100	100	1.0	1/4	1/4	Chord	3/4	3	1	1/4	1/4	1	551												
34	34	101	101	1.0	1/2	1/2	Chord	3/4	3	1	1/4	1/4	1	552												
35	35	102	102	0.5	0	0	Chord	3/4	2	1	1/8	1/8	1	553										16		
35	35	205/2	205/2	0.0	1/8	1/8	Spanner	3/4	2	1	0													16	11	
35	35	205/2	205/2	0.5	1/8	1/8	Chord	3/4	2	1	1/8	1/8	1	554										16	11	
35	35	103	103	0.5	1/4	1/4	Chord	3/4	2	1	1/8	1/8	1	555										16	11	
35	35	207/2	207/2	0.5	3/8	3/8	Chord	3/4	2	1	1/8	1/8	1	556										16	11	
35	35	104	104	0.0	1/2	1/2	Spanner	3/4	2	1	0													16		
35	35	104	104	0.5	1/2	1/2	Chord	3/4	2	1	1/8	1/8	1	557										16, 18		
35	35	209/2	209/2	0.5	5/8	5/8	Chord	3/4	2	1	1/8	1/8	1	558												
35	35	102	102	1.0	0	0	Chord	3/4	2	2	1/4	1/4	1	559												
35	35	103	103	1.0	1/4	1/4	Chord	3/4	2	2	1/4	1/4	1	560												
35	35	104	104	1.0	1/2	1/2	Chord	3/4	2	2	1/4	1/4	1	561												
35	35	102	102	1.0	0	0	Chord	3/4	3	1	1/4	1/4	1	562												
35	35	103	103	1.0	1/4	1/4	Chord	3/4	3	1	1/4	1/4	1	563												
35	35	104	104	1.0	1/2	1/2	Chord	3/4	3	1	1/4	1/4	1	564												
36	36	105	105	3.0	0	0	Chord	3/4	2	1	3/4	1/2	3/2	565										19		
36	36	105	105	3.0	0	0	Chord	3/4	3	1	3/4	1/2	3/2	566										20		
36	36	105	105	3.0	0	0	Chord	3/4	3	2	3/4	1/2	3/2	567												
37	37	108	108	3.0	0	0	Chord	3/4	2	1	3/4	1/2	3/2	568												
37	37	108	108	3.0	0	0	Chord	3/4	3	1	3/4	1/2	3/2	569												
37	37	108	108	3.0	0	0	Chord	3/4	3	2	3/4	1/2	3/2	570												
