mc	mn	quarterbeats	quarterbeats_all_endings	duration_qb	mc_onset	mn_onset	event	timesig	staff	voice	duration	tremolo	nominal_duration	scalar	chord_id	lyrics_1	dynamics	staff_text	tempo	qpm	metronome_base	metronome_number	tempo_visible	slur	TextLine	TextLine_rit.	pedal	Pedal_<sym>keyboardPedalPed</sym>	crescendo_hairpin	decrescendo_hairpin
1	1	0	0	0.0	0	0	Tempo	3/4	1	1	0								Sehrgetragen	50.0			1.0							
1	1	0	0	0.0	0	0	Tempo	3/4	1	1	0								ùÖü=54	54.0	ùÖü	54.0	0.0							
1	1	0	0	0.0	0	0	Dynamic	3/4	2	1	0						pp													
1	1	2	2	1.0	1/2	1/2	Chord	3/4	2	1	1/4		1/4	1	0															
1	1	0	0	3.0	0	0	Chord	3/4	2	2	3/4		1/2	3/2	1															
1	1	0	0	0.0	0	0	Spanner	3/4	3	1	0																0	0		
1	1	0	0	3.0	0	0	Chord	3/4	3	1	3/4		1/2	3/2	2												0	0		
2	2	11/2	11/2	0.0	5/8	5/8	Dynamic	3/4	1	1	0						p													
2	2	11/2	11/2	0.5	5/8	5/8	Chord	3/4	1	1	1/8		1/8	1	3	Die														
2	2	3	3	3.0	0	0	Chord	3/4	2	1	3/4		1/2	3/2	4															
2	2	3	3	3.0	0	0	Chord	3/4	3	1	3/4		1/2	3/2	5												0	0		
3	3	6	6	1.5	0	0	Chord	3/4	1	1	3/8		1/4	3/2	6	stil-														
3	3	15/2	15/2	0.5	3/8	3/8	Chord	3/4	1	1	1/8		1/8	1	7	-le														
3	3	8	8	0.5	1/2	1/2	Chord	3/4	1	1	1/8		1/8	1	8	Lo-														
3	3	17/2	17/2	0.5	5/8	5/8	Chord	3/4	1	1	1/8		1/8	1	9	-tos-														
3	3	6	6	0.0	0	0	Dynamic	3/4	2	1	0						p													
3	3	19/3	19/3	0.3333333333333333	1/12	1/12	Chord	3/4	2	1	1/12		1/8	2/3	10									0						
3	3	20/3	20/3	0.3333333333333333	1/6	1/6	Chord	3/4	2	1	1/12		1/8	2/3	11															
3	3	7	7	0.5	1/4	1/4	Chord	3/4	2	1	1/8		1/8	1	12															
3	3	15/2	15/2	0.5	3/8	3/8	Chord	3/4	2	1	1/8		1/8	1	13															
3	3	8	8	0.5	1/2	1/2	Chord	3/4	2	1	1/8		1/8	1	14															
3	3	17/2	17/2	0.5	5/8	5/8	Chord	3/4	2	1	1/8		1/8	1	15															
3	3	6	6	0.0	0	0	Spanner	3/4	3	1	0																			
3	3	6	6	0.3333333333333333	0	0	Chord	3/4	3	1	1/12		1/8	2/3	16									1						
3	3	19/3	19/3	0.3333333333333333	1/12	1/12	Chord	3/4	3	1	1/12		1/8	2/3	17									1						
3	3	20/3	20/3	0.3333333333333333	1/6	1/6	Chord	3/4	3	1	1/12		1/8	2/3	18															
3	3	7	7	0.5	1/4	1/4	Chord	3/4	3	1	1/8		1/8	1	19															
3	3	15/2	15/2	0.5	3/8	3/8	Chord	3/4	3	1	1/8		1/8	1	20															
3	3	8	8	0.5	1/2	1/2	Chord	3/4	3	1	1/8		1/8	1	21															
3	3	17/2	17/2	0.5	5/8	5/8	Chord	3/4	3	1	1/8		1/8	1	22															
4	4	9	9	0.0	0	0	Spanner	3/4	1	1	0																		0	
4	4	9	9	1.0	0	0	Chord	3/4	1	1	1/4		1/4	1	23	-blu-													0	
4	4	10	10	1.0	1/4	1/4	Chord	3/4	1	1	1/4		1/4	1	24	-me													0	
4	4	11	11	1.0	1/2	1/2	Chord	3/4	1	1	1/4		1/4	1	25	steigt													0	
4	4	28/3	28/3	0.3333333333333333	1/12	1/12	Chord	3/4	2	1	1/12		1/8	2/3	26									2						
4	4	29/3	29/3	0.3333333333333333	1/6	1/6	Chord	3/4	2	1	1/12		1/8	2/3	27															
4	4	10	10	0.5	1/4	1/4	Chord	3/4	2	1	1/8		1/8	1	28															
4	4	21/2	21/2	0.0	3/8	3/8	Spanner	3/4	2	1	0																		1	
4	4	21/2	21/2	0.5	3/8	3/8	Chord	3/4	2	1	1/8		1/8	1	29														1	
4	4	11	11	0.5	1/2	1/2	Chord	3/4	2	1	1/8		1/8	1	30														1	
4	4	23/2	23/2	0.5	5/8	5/8	Chord	3/4	2	1	1/8		1/8	1	31														1	
4	4	9	9	0.3333333333333333	0	0	Chord	3/4	3	1	1/12		1/8	2/3	32									3						
4	4	28/3	28/3	0.3333333333333333	1/12	1/12	Chord	3/4	3	1	1/12		1/8	2/3	33									3						
4	4	29/3	29/3	0.3333333333333333	1/6	1/6	Chord	3/4	3	1	1/12		1/8	2/3	34															
4	4	10	10	0.5	1/4	1/4	Chord	3/4	3	1	1/8		1/8	1	35															
4	4	21/2	21/2	0.5	3/8	3/8	Chord	3/4	3	1	1/8		1/8	1	36															
4	4	11	11	0.5	1/2	1/2	Chord	3/4	3	1	1/8		1/8	1	37															
4	4	23/2	23/2	0.5	5/8	5/8	Chord	3/4	3	1	1/8		1/8	1	38															
5	5	12	12	0.0	0	0	Spanner	3/4	1	1	0																			
5	5	12	12	0.0	0	0	Spanner	3/4	1	1	0																			0
5	5	12	12	1.5	0	0	Chord	3/4	1	1	3/8		1/4	3/2	39	aus														0
5	5	27/2	27/2	0.5	3/8	3/8	Chord	3/4	1	1	1/8		1/8	1	40	dem														0
5	5	14	14	0.5	1/2	1/2	Chord	3/4	1	1	1/8		1/8	1	41	blau-														0
5	5	29/2	29/2	0.5	5/8	5/8	Chord	3/4	1	1	1/8		1/8	1	42	-en														0
5	5	37/3	37/3	0.0	1/12	1/12	Spanner	3/4	2	1	0																			
5	5	37/3	37/3	0.3333333333333333	1/12	1/12	Chord	3/4	2	1	1/12		1/8	2/3	43									4						
5	5	38/3	38/3	0.3333333333333333	1/6	1/6	Chord	3/4	2	1	1/12		1/8	2/3	44															
5	5	13	13	0.0	1/4	1/4	Spanner	3/4	2	1	0																			1
5	5	13	13	0.5	1/4	1/4	Chord	3/4	2	1	1/8		1/8	1	45															1
5	5	27/2	27/2	0.5	3/8	3/8	Chord	3/4	2	1	1/8		1/8	1	46															1
5	5	14	14	0.5	1/2	1/2	Chord	3/4	2	1	1/8		1/8	1	47															1
5	5	29/2	29/2	0.5	5/8	5/8	Chord	3/4	2	1	1/8		1/8	1	48															1
5	5	12	12	0.3333333333333333	0	0	Chord	3/4	3	1	1/12		1/8	2/3	49									5						
5	5	37/3	37/3	0.3333333333333333	1/12	1/12	Chord	3/4	3	1	1/12		1/8	2/3	50									5						
5	5	38/3	38/3	0.3333333333333333	1/6	1/6	Chord	3/4	3	1	1/12		1/8	2/3	51															
5	5	13	13	0.5	1/4	1/4	Chord	3/4	3	1	1/8		1/8	1	52															
5	5	27/2	27/2	0.5	3/8	3/8	Chord	3/4	3	1	1/8		1/8	1	53															
5	5	14	14	0.5	1/2	1/2	Chord	3/4	3	1	1/8		1/8	1	54															
5	5	29/2	29/2	0.5	5/8	5/8	Chord	3/4	3	1	1/8		1/8	1	55															
6	6	15	15	0.0	0	0	Spanner	3/4	1	1	0																			
6	6	15	15	2.0	0	0	Chord	3/4	1	1	1/2		1/2	1	56	See,														
6	6	35/2	35/2	0.5	5/8	5/8	Chord	3/4	1	1	1/8		1/8	1	57	die														
6	6	15	15	0.0	0	0	Spanner	3/4	2	1	0																			
6	6	46/3	46/3	0.3333333333333333	1/12	1/12	Chord	3/4	2	1	1/12		1/8	2/3	58									6						
6	6	47/3	47/3	0.3333333333333333	1/6	1/6	Chord	3/4	2	1	1/12		1/8	2/3	59															
6	6	16	16	2.0	1/4	1/4	Chord	3/4	2	1	1/2	r8	1/2	1	60															
6	6	15	15	0.3333333333333333	0	0	Chord	3/4	3	1	1/12		1/8	2/3	61									7						
6	6	46/3	46/3	0.3333333333333333	1/12	1/12	Chord	3/4	3	1	1/12		1/8	2/3	62									7						
6	6	47/3	47/3	0.3333333333333333	1/6	1/6	Chord	3/4	3	1	1/12		1/8	2/3	63															
6	6	16	16	2.0	1/4	1/4	Chord	3/4	3	1	1/2	r8	1/2	1	64															
7	7	18	18	1.5	0	0	Chord	3/4	1	1	3/8		1/4	3/2	65	Bl√§t-														
7	7	39/2	39/2	0.5	3/8	3/8	Chord	3/4	1	1	1/8		1/8	1	66	-ter														
7	7	20	20	0.3333333333333333	1/2	1/2	Chord	3/4	1	1	1/12		1/8	2/3	67	flim-								8						
7	7	61/3	61/3	0.3333333333333333	7/12	7/12	Chord	3/4	1	1	1/12		1/8	2/3	68	-men								8						
7	7	62/3	62/3	0.3333333333333333	2/3	2/3	Chord	3/4	1	1	1/12		1/8	2/3	69	und														
7	7	55/3	55/3	0.3333333333333333	1/12	1/12	Chord	3/4	2	1	1/12		1/8	2/3	70									9						
7	7	56/3	56/3	0.3333333333333333	1/6	1/6	Chord	3/4	2	1	1/12		1/8	2/3	71															
7	7	19	19	0.5	1/4	1/4	Chord	3/4	2	1	1/8		1/8	1	72															
7	7	39/2	39/2	0.5	3/8	3/8	Chord	3/4	2	1	1/8		1/8	1	73															
7	7	20	20	0.5	1/2	1/2	Chord	3/4	2	1	1/8		1/8	1	74															
7	7	41/2	41/2	0.5	5/8	5/8	Chord	3/4	2	1	1/8		1/8	1	75															
7	7	18	18	0.3333333333333333	0	0	Chord	3/4	3	1	1/12		1/8	2/3	76									10						
7	7	55/3	55/3	0.3333333333333333	1/12	1/12	Chord	3/4	3	1	1/12		1/8	2/3	77									10						
7	7	56/3	56/3	0.3333333333333333	1/6	1/6	Chord	3/4	3	1	1/12		1/8	2/3	78															
7	7	19	19	0.5	1/4	1/4	Chord	3/4	3	1	1/8		1/8	1	79															
7	7	39/2	39/2	0.5	3/8	3/8	Chord	3/4	3	1	1/8		1/8	1	80															
7	7	20	20	0.5	1/2	1/2	Chord	3/4	3	1	1/8		1/8	1	81															
7	7	41/2	41/2	0.5	5/8	5/8	Chord	3/4	3	1	1/8		1/8	1	82															
8	8	21	21	1.0	0	0	Chord	3/4	1	1	1/4		1/4	1	83	bli-														
8	8	22	22	1.0	1/4	1/4	Chord	3/4	1	1	1/4		1/4	1	84	-tzen,														
8	8	47/2	47/2	0.5	5/8	5/8	Chord	3/4	1	1	1/8		1/8	1	85	der														
8	8	64/3	64/3	0.3333333333333333	1/12	1/12	Chord	3/4	2	1	1/12		1/8	2/3	86									11						
8	8	65/3	65/3	0.3333333333333333	1/6	1/6	Chord	3/4	2	1	1/12		1/8	2/3	87															
8	8	22	22	0.5	1/4	1/4	Chord	3/4	2	1	1/8		1/8	1	88															
8	8	45/2	45/2	0.5	3/8	3/8	Chord	3/4	2	1	1/8		1/8	1	89															
8	8	23	23	0.5	1/2	1/2	Chord	3/4	2	1	1/8		1/8	1	90															
8	8	47/2	47/2	0.5	5/8	5/8	Chord	3/4	2	1	1/8		1/8	1	91															
8	8	21	21	0.3333333333333333	0	0	Chord	3/4	3	1	1/12		1/8	2/3	92									12						
8	8	64/3	64/3	0.3333333333333333	1/12	1/12	Chord	3/4	3	1	1/12		1/8	2/3	93									12						
8	8	65/3	65/3	0.3333333333333333	1/6	1/6	Chord	3/4	3	1	1/12		1/8	2/3	94															
8	8	22	22	0.5	1/4	1/4	Chord	3/4	3	1	1/8		1/8	1	95															
8	8	45/2	45/2	0.5	3/8	3/8	Chord	3/4	3	1	1/8		1/8	1	96															
8	8	23	23	0.5	1/2	1/2	Chord	3/4	3	1	1/8		1/8	1	97															
8	8	47/2	47/2	0.5	5/8	5/8	Chord	3/4	3	1	1/8		1/8	1	98															
9	9	24	24	1.5	0	0	Chord	3/4	1	1	3/8		1/4	3/2	99	Kelch														
9	9	51/2	51/2	0.5	3/8	3/8	Chord	3/4	1	1	1/8		1/8	1	100	ist														
9	9	26	26	0.5	1/2	1/2	Chord	3/4	1	1	1/8		1/8	1	101	weiss														
9	9	53/2	53/2	0.5	5/8	5/8	Chord	3/4	1	1	1/8		1/8	1	102	wie														
9	9	73/3	73/3	0.3333333333333333	1/12	1/12	Chord	3/4	2	1	1/12		1/8	2/3	103									13						
9	9	74/3	74/3	0.3333333333333333	1/6	1/6	Chord	3/4	2	1	1/12		1/8	2/3	104															
9	9	25	25	0.5	1/4	1/4	Chord	3/4	2	1	1/8		1/8	1	105															
9	9	51/2	51/2	0.5	3/8	3/8	Chord	3/4	2	1	1/8		1/8	1	106															
9	9	53/2	53/2	0.5	5/8	5/8	Chord	3/4	2	1	1/8		1/8	1	107															
9	9	24	24	0.3333333333333333	0	0	Chord	3/4	3	1	1/12		1/8	2/3	108									14						
9	9	73/3	73/3	0.3333333333333333	1/12	1/12	Chord	3/4	3	1	1/12		1/8	2/3	109									14						
9	9	74/3	74/3	0.3333333333333333	1/6	1/6	Chord	3/4	3	1	1/12		1/8	2/3	110															
9	9	25	25	0.5	1/4	1/4	Chord	3/4	3	1	1/8		1/8	1	111															
9	9	51/2	51/2	0.5	3/8	3/8	Chord	3/4	3	1	1/8		1/8	1	112															
9	9	26	26	0.5	1/2	1/2	Chord	3/4	3	1	1/8		1/8	1	113															
9	9	53/2	53/2	0.5	5/8	5/8	Chord	3/4	3	1	1/8		1/8	1	114															
10	10	27	27	2.0	0	0	Chord	3/4	1	1	1/2		1/2	1	115	Schnee.														
10	10	59/2	59/2	0.0	5/8	5/8	Dynamic	3/4	1	1	0						mf													
10	10	59/2	59/2	0.5	5/8	5/8	Chord	3/4	1	1	1/8		1/8	1	116	Da														
10	10	82/3	82/3	0.3333333333333333	1/12	1/12	Chord	3/4	2	1	1/12		1/8	2/3	117									15						
10	10	83/3	83/3	0.3333333333333333	1/6	1/6	Chord	3/4	2	1	1/12		1/8	2/3	118															
10	10	28	28	0.5	1/4	1/4	Chord	3/4	2	1	1/8		1/8	1	119															
10	10	57/2	57/2	0.5	3/8	3/8	Chord	3/4	2	1	1/8		1/8	1	120															
10	10	29	29	0.5	1/2	1/2	Chord	3/4	2	1	1/8		1/8	1	121															
10	10	59/2	59/2	0.5	5/8	5/8	Chord	3/4	2	1	1/8		1/8	1	122															
10	10	27	27	0.3333333333333333	0	0	Chord	3/4	3	1	1/12		1/8	2/3	123															
10	10	82/3	82/3	0.3333333333333333	1/12	1/12	Chord	3/4	3	1	1/12		1/8	2/3	124															
10	10	83/3	83/3	0.3333333333333333	1/6	1/6	Chord	3/4	3	1	1/12		1/8	2/3	125															
10	10	28	28	0.5	1/4	1/4	Chord	3/4	3	1	1/8		1/8	1	126															
10	10	57/2	57/2	0.5	3/8	3/8	Chord	3/4	3	1	1/8		1/8	1	127															
10	10	29	29	0.5	1/2	1/2	Chord	3/4	3	1	1/8		1/8	1	128															
10	10	59/2	59/2	0.5	5/8	5/8	Chord	3/4	3	1	1/8		1/8	1	129															
11	11	30	30	1.5	0	0	Chord	3/4	1	1	3/8		1/4	3/2	130	giesst														
11	11	63/2	63/2	0.5	3/8	3/8	Chord	3/4	1	1	1/8		1/8	1	131	der														
11	11	32	32	0.5	1/2	1/2	Chord	3/4	1	1	1/8		1/8	1	132	Mond														
11	11	65/2	65/2	0.5	5/8	5/8	Chord	3/4	1	1	1/8		1/8	1	133	vom														
11	11	30	30	0.0	0	0	Dynamic	3/4	2	1	0						mf													
11	11	91/3	91/3	0.3333333333333333	1/12	1/12	Chord	3/4	2	1	1/12		1/8	2/3	134									16						
11	11	92/3	92/3	0.3333333333333333	1/6	1/6	Chord	3/4	2	1	1/12		1/8	2/3	135															
11	11	31	31	0.5	1/4	1/4	Chord	3/4	2	1	1/8		1/8	1	136															
11	11	63/2	63/2	0.5	3/8	3/8	Chord	3/4	2	1	1/8		1/8	1	137															
11	11	32	32	0.5	1/2	1/2	Chord	3/4	2	1	1/8		1/8	1	138															
11	11	65/2	65/2	0.5	5/8	5/8	Chord	3/4	2	1	1/8		1/8	1	139															
11	11	30	30	0.3333333333333333	0	0	Chord	3/4	3	1	1/12		1/8	2/3	140									17						
11	11	91/3	91/3	0.3333333333333333	1/12	1/12	Chord	3/4	3	1	1/12		1/8	2/3	141									17						
11	11	92/3	92/3	0.3333333333333333	1/6	1/6	Chord	3/4	3	1	1/12		1/8	2/3	142															
11	11	31	31	0.5	1/4	1/4	Chord	3/4	3	1	1/8		1/8	1	143															
11	11	63/2	63/2	0.5	3/8	3/8	Chord	3/4	3	1	1/8		1/8	1	144															
11	11	32	32	0.5	1/2	1/2	Chord	3/4	3	1	1/8		1/8	1	145															
11	11	65/2	65/2	0.5	5/8	5/8	Chord	3/4	3	1	1/8		1/8	1	146															
12	12	33	33	0.0	0	0	Spanner	3/4	1	1	0																		2	
12	12	33	33	2.0	0	0	Chord	3/4	1	1	1/2		1/2	1	147	Him-													2	
12	12	35	35	1.0	1/2	1/2	Chord	3/4	1	1	1/4		1/4	1	148	-mel													2	
12	12	100/3	100/3	0.3333333333333333	1/12	1/12	Chord	3/4	2	1	1/12		1/8	2/3	149									18						
12	12	101/3	101/3	0.3333333333333333	1/6	1/6	Chord	3/4	2	1	1/12		1/8	2/3	150															
12	12	34	34	0.5	1/4	1/4	Chord	3/4	2	1	1/8		1/8	1	151															
12	12	69/2	69/2	0.5	3/8	3/8	Chord	3/4	2	1	1/8		1/8	1	152															
12	12	35	35	0.5	1/2	1/2	Chord	3/4	2	1	1/8		1/8	1	153															
12	12	71/2	71/2	0.5	5/8	5/8	Chord	3/4	2	1	1/8		1/8	1	154															
12	12	33	33	0.3333333333333333	0	0	Chord	3/4	3	1	1/12		1/8	2/3	155									19						
12	12	100/3	100/3	0.3333333333333333	1/12	1/12	Chord	3/4	3	1	1/12		1/8	2/3	156									19						
12	12	101/3	101/3	0.3333333333333333	1/6	1/6	Chord	3/4	3	1	1/12		1/8	2/3	157															
12	12	34	34	0.5	1/4	1/4	Chord	3/4	3	1	1/8		1/8	1	158															
12	12	69/2	69/2	0.5	3/8	3/8	Chord	3/4	3	1	1/8		1/8	1	159															
12	12	35	35	0.5	1/2	1/2	Chord	3/4	3	1	1/8		1/8	1	160															
12	12	71/2	71/2	0.5	5/8	5/8	Chord	3/4	3	1	1/8		1/8	1	161															
13	13	36	36	0.0	0	0	Spanner	3/4	1	1	0																			
13	13	36	36	1.0	0	0	Chord	3/4	1	1	1/4		1/4	1	162	all'														
13	13	37	37	0.0	1/4	1/4	Spanner	3/4	1	1	0																			2
13	13	37	37	0.5	1/4	1/4	Chord	3/4	1	1	1/8		1/8	1	163	sei-														2
13	13	75/2	75/2	0.5	3/8	3/8	Chord	3/4	1	1	1/8		1/8	1	164	-nen														2
13	13	38	38	0.5	1/2	1/2	Chord	3/4	1	1	1/8		1/8	1	165	gold'-														2
13	13	77/2	77/2	0.5	5/8	5/8	Chord	3/4	1	1	1/8		1/8	1	166	-nen														2
13	13	109/3	109/3	0.3333333333333333	1/12	1/12	Chord	3/4	2	1	1/12		1/8	2/3	167									20						
13	13	110/3	110/3	0.3333333333333333	1/6	1/6	Chord	3/4	2	1	1/12		1/8	2/3	168															
13	13	37	37	0.5	1/4	1/4	Chord	3/4	2	1	1/8		1/8	1	169															
13	13	75/2	75/2	0.5	3/8	3/8	Chord	3/4	2	1	1/8		1/8	1	170															
13	13	38	38	0.5	1/2	1/2	Chord	3/4	2	1	1/8		1/8	1	171															
13	13	77/2	77/2	0.5	5/8	5/8	Chord	3/4	2	1	1/8		1/8	1	172															
13	13	36	36	0.3333333333333333	0	0	Chord	3/4	3	1	1/12		1/8	2/3	173									21						
13	13	109/3	109/3	0.3333333333333333	1/12	1/12	Chord	3/4	3	1	1/12		1/8	2/3	174									21						
13	13	110/3	110/3	0.3333333333333333	1/6	1/6	Chord	3/4	3	1	1/12		1/8	2/3	175															
13	13	37	37	0.5	1/4	1/4	Chord	3/4	3	1	1/8		1/8	1	176															
13	13	75/2	75/2	0.5	3/8	3/8	Chord	3/4	3	1	1/8		1/8	1	177															
13	13	38	38	0.5	1/2	1/2	Chord	3/4	3	1	1/8		1/8	1	178															
13	13	77/2	77/2	0.5	5/8	5/8	Chord	3/4	3	1	1/8		1/8	1	179															
14	14	39	39	0.0	0	0	Spanner	3/4	1	1	0																			
14	14	39	39	2.0	0	0	Chord	3/4	1	1	1/2		1/2	1	180	Schein,														
14	14	118/3	118/3	0.3333333333333333	1/12	1/12	Chord	3/4	2	1	1/12		1/8	2/3	181									22						
14	14	119/3	119/3	0.3333333333333333	1/6	1/6	Chord	3/4	2	1	1/12		1/8	2/3	182															
14	14	40	40	0.5	1/4	1/4	Chord	3/4	2	1	1/8		1/8	1	183															
14	14	81/2	81/2	0.5	3/8	3/8	Chord	3/4	2	1	1/8		1/8	1	184															
14	14	41	41	0.5	1/2	1/2	Chord	3/4	2	1	1/8		1/8	1	185															
14	14	83/2	83/2	0.5	5/8	5/8	Chord	3/4	2	1	1/8		1/8	1	186															
14	14	39	39	0.3333333333333333	0	0	Chord	3/4	3	1	1/12		1/8	2/3	187									23						
14	14	118/3	118/3	0.3333333333333333	1/12	1/12	Chord	3/4	3	1	1/12		1/8	2/3	188									23						
14	14	119/3	119/3	0.3333333333333333	1/6	1/6	Chord	3/4	3	1	1/12		1/8	2/3	189															
14	14	40	40	0.5	1/4	1/4	Chord	3/4	3	1	1/8		1/8	1	190															
14	14	81/2	81/2	0.5	3/8	3/8	Chord	3/4	3	1	1/8		1/8	1	191															
14	14	41	41	0.5	1/2	1/2	Chord	3/4	3	1	1/8		1/8	1	192															
14	14	83/2	83/2	0.5	5/8	5/8	Chord	3/4	3	1	1/8		1/8	1	193															
15	15	42	42	1.0	0	0	Chord	3/4	1	1	1/4		1/4	1	194	giesst														
15	15	43	43	0.5	1/4	1/4	Chord	3/4	1	1	1/8		1/8	1	195	al-														
15	15	87/2	87/2	0.5	3/8	3/8	Chord	3/4	1	1	1/8		1/8	1	196	-le														
15	15	44	44	0.5	1/2	1/2	Chord	3/4	1	1	1/8		1/8	1	197	sei-														
15	15	89/2	89/2	0.5	5/8	5/8	Chord	3/4	1	1	1/8		1/8	1	198	-ne														
15	15	127/3	127/3	0.3333333333333333	1/12	1/12	Chord	3/4	2	1	1/12		1/8	2/3	199									24						
15	15	128/3	128/3	0.3333333333333333	1/6	1/6	Chord	3/4	2	1	1/12		1/8	2/3	200															
15	15	43	43	0.5	1/4	1/4	Chord	3/4	2	1	1/8		1/8	1	201															
15	15	87/2	87/2	0.5	3/8	3/8	Chord	3/4	2	1	1/8		1/8	1	202															
15	15	44	44	0.5	1/2	1/2	Chord	3/4	2	1	1/8		1/8	1	203															
15	15	89/2	89/2	0.5	5/8	5/8	Chord	3/4	2	1	1/8		1/8	1	204															
15	15	42	42	0.3333333333333333	0	0	Chord	3/4	3	1	1/12		1/8	2/3	205									25						
15	15	127/3	127/3	0.3333333333333333	1/12	1/12	Chord	3/4	3	1	1/12		1/8	2/3	206									25						
15	15	128/3	128/3	0.3333333333333333	1/6	1/6	Chord	3/4	3	1	1/12		1/8	2/3	207															
15	15	43	43	0.5	1/4	1/4	Chord	3/4	3	1	1/8		1/8	1	208															
15	15	87/2	87/2	0.5	3/8	3/8	Chord	3/4	3	1	1/8		1/8	1	209															
15	15	44	44	0.5	1/2	1/2	Chord	3/4	3	1	1/8		1/8	1	210															
15	15	89/2	89/2	0.5	5/8	5/8	Chord	3/4	3	1	1/8		1/8	1	211															
16	16	45	45	1.0	0	0	Chord	3/4	1	1	1/4		1/4	1	212	Strah-														
16	16	46	46	1.0	1/4	1/4	Chord	3/4	1	1	1/4		1/4	1	213	-len														
16	16	95/2	95/2	0.5	5/8	5/8	Chord	3/4	1	1	1/8		1/8	1	214	in														
16	16	136/3	136/3	0.3333333333333333	1/12	1/12	Chord	3/4	2	1	1/12		1/8	2/3	215									26						
16	16	137/3	137/3	0.3333333333333333	1/6	1/6	Chord	3/4	2	1	1/12		1/8	2/3	216															
16	16	46	46	0.5	1/4	1/4	Chord	3/4	2	1	1/8		1/8	1	217															
16	16	93/2	93/2	0.5	3/8	3/8	Chord	3/4	2	1	1/8		1/8	1	218															
16	16	47	47	0.5	1/2	1/2	Chord	3/4	2	1	1/8		1/8	1	219															
16	16	95/2	95/2	0.5	5/8	5/8	Chord	3/4	2	1	1/8		1/8	1	220															
16	16	45	45	0.3333333333333333	0	0	Chord	3/4	3	1	1/12		1/8	2/3	221									27						
16	16	136/3	136/3	0.3333333333333333	1/12	1/12	Chord	3/4	3	1	1/12		1/8	2/3	222									27						
16	16	137/3	137/3	0.3333333333333333	1/6	1/6	Chord	3/4	3	1	1/12		1/8	2/3	223															
16	16	46	46	0.5	1/4	1/4	Chord	3/4	3	1	1/8		1/8	1	224															
16	16	93/2	93/2	0.5	3/8	3/8	Chord	3/4	3	1	1/8		1/8	1	225															
16	16	47	47	0.5	1/2	1/2	Chord	3/4	3	1	1/8		1/8	1	226															
16	16	95/2	95/2	0.5	5/8	5/8	Chord	3/4	3	1	1/8		1/8	1	227															
17	17	48	48	1.5	0	0	Chord	3/4	1	1	3/8		1/4	3/2	228	ih-														
17	17	99/2	99/2	0.5	3/8	3/8	Chord	3/4	1	1	1/8		1/8	1	229	-ren														
17	17	50	50	0.5	1/2	1/2	Chord	3/4	1	1	1/8		1/8	1	230	Schooss														
17	17	101/2	101/2	0.5	5/8	5/8	Chord	3/4	1	1	1/8		1/8	1	231	hin-														
17	17	145/3	145/3	0.3333333333333333	1/12	1/12	Chord	3/4	2	1	1/12		1/8	2/3	232									28						
17	17	146/3	146/3	0.3333333333333333	1/6	1/6	Chord	3/4	2	1	1/12		1/8	2/3	233															
17	17	49	49	0.5	1/4	1/4	Chord	3/4	2	1	1/8		1/8	1	234															
17	17	99/2	99/2	0.5	3/8	3/8	Chord	3/4	2	1	1/8		1/8	1	235															
17	17	101/2	101/2	0.5	5/8	5/8	Chord	3/4	2	1	1/8		1/8	1	236															
17	17	48	48	0.3333333333333333	0	0	Chord	3/4	3	1	1/12		1/8	2/3	237									29						
17	17	145/3	145/3	0.3333333333333333	1/12	1/12	Chord	3/4	3	1	1/12		1/8	2/3	238									29						
17	17	146/3	146/3	0.3333333333333333	1/6	1/6	Chord	3/4	3	1	1/12		1/8	2/3	239															
17	17	49	49	0.5	1/4	1/4	Chord	3/4	3	1	1/8		1/8	1	240															
17	17	99/2	99/2	0.5	3/8	3/8	Chord	3/4	3	1	1/8		1/8	1	241															
17	17	50	50	0.5	1/2	1/2	Chord	3/4	3	1	1/8		1/8	1	242															
17	17	101/2	101/2	0.5	5/8	5/8	Chord	3/4	3	1	1/8		1/8	1	243															
18	18	51	51	1.0	0	0	Chord	3/4	1	1	1/4		1/4	1	244	-ein.														
18	18	154/3	154/3	0.3333333333333333	1/12	1/12	Chord	3/4	2	1	1/12		1/8	2/3	245									30						
18	18	155/3	155/3	0.3333333333333333	1/6	1/6	Chord	3/4	2	1	1/12		1/8	2/3	246															
18	18	52	52	0.5	1/4	1/4	Chord	3/4	2	1	1/8		1/8	1	247															
18	18	105/2	105/2	0.0	3/8	3/8	Spanner	3/4	2	1	0																		3	
18	18	105/2	105/2	0.5	3/8	3/8	Chord	3/4	2	1	1/8		1/8	1	248														3	
18	18	53	53	0.5	1/2	1/2	Chord	3/4	2	1	1/8		1/8	1	249														3	
18	18	107/2	107/2	0.5	5/8	5/8	Chord	3/4	2	1	1/8		1/8	1	250														3	
18	18	51	51	0.3333333333333333	0	0	Chord	3/4	3	1	1/12		1/8	2/3	251									31						
18	18	154/3	154/3	0.3333333333333333	1/12	1/12	Chord	3/4	3	1	1/12		1/8	2/3	252									31						
18	18	155/3	155/3	0.3333333333333333	1/6	1/6	Chord	3/4	3	1	1/12		1/8	2/3	253															
18	18	52	52	0.5	1/4	1/4	Chord	3/4	3	1	1/8		1/8	1	254															
18	18	105/2	105/2	0.5	3/8	3/8	Chord	3/4	3	1	1/8		1/8	1	255															
18	18	53	53	0.5	1/2	1/2	Chord	3/4	3	1	1/8		1/8	1	256															
18	18	107/2	107/2	0.5	5/8	5/8	Chord	3/4	3	1	1/8		1/8	1	257															
19	19	54	54	0.0	0	0	Spanner	3/4	2	1	0																			
19	19	54	54	0.0	0	0	Spanner	3/4	2	1	0																			3
19	19	54	54	1.0	0	0	Chord	3/4	2	1	1/4		1/4	1	258															3
19	19	55	55	0.0	1/4	1/4	Spanner	3/4	2	1	0																			
19	19	55	55	0.5	1/4	1/4	Chord	3/4	2	1	1/8		1/8	1	259															
19	19	111/2	111/2	0.0	3/8	3/8	Spanner	3/4	2	1	0																		4	
19	19	111/2	111/2	0.5	3/8	3/8	Chord	3/4	2	1	1/8		1/8	1	260														4	
19	19	56	56	0.5	1/2	1/2	Chord	3/4	2	1	1/8		1/8	1	261														4	
19	19	113/2	113/2	0.5	5/8	5/8	Chord	3/4	2	1	1/8		1/8	1	262														4	
19	19	163/3	163/3	0.3333333333333333	1/12	1/12	Chord	3/4	2	2	1/12		1/8	2/3	263									32					4	
19	19	164/3	164/3	0.3333333333333333	1/6	1/6	Chord	3/4	2	2	1/12		1/8	2/3	264														4	
19	19	55	55	0.5	1/4	1/4	Chord	3/4	2	2	1/8		1/8	1	265														4	
19	19	111/2	111/2	0.5	3/8	3/8	Chord	3/4	2	2	1/8		1/8	1	266														4	
19	19	56	56	0.5	1/2	1/2	Chord	3/4	2	2	1/8		1/8	1	267														4	
19	19	113/2	113/2	0.5	5/8	5/8	Chord	3/4	2	2	1/8		1/8	1	268														4	
19	19	54	54	0.3333333333333333	0	0	Chord	3/4	3	1	1/12		1/8	2/3	269									33						
19	19	163/3	163/3	0.3333333333333333	1/12	1/12	Chord	3/4	3	1	1/12		1/8	2/3	270									33						
19	19	164/3	164/3	0.3333333333333333	1/6	1/6	Chord	3/4	3	1	1/12		1/8	2/3	271															
19	19	55	55	0.5	1/4	1/4	Chord	3/4	3	1	1/8		1/8	1	272															
19	19	111/2	111/2	0.5	3/8	3/8	Chord	3/4	3	1	1/8		1/8	1	273															
19	19	56	56	0.5	1/2	1/2	Chord	3/4	3	1	1/8		1/8	1	274															
19	19	113/2	113/2	0.5	5/8	5/8	Chord	3/4	3	1	1/8		1/8	1	275															
20	20	57	57	0.0	0	0	Spanner	3/4	2	1	0																			
20	20	57	57	1.0	0	0	Chord	3/4	2	1	1/4		1/4	1	276															
20	20	58	58	0.5	1/4	1/4	Chord	3/4	2	1	1/8		1/8	1	277															
20	20	117/2	117/2	0.5	3/8	3/8	Chord	3/4	2	1	1/8		1/8	1	278															
20	20	59	59	0.5	1/2	1/2	Chord	3/4	2	1	1/8		1/8	1	279															
20	20	119/2	119/2	0.5	5/8	5/8	Chord	3/4	2	1	1/8		1/8	1	280															
20	20	172/3	172/3	0.3333333333333333	1/12	1/12	Chord	3/4	2	2	1/12		1/8	2/3	281									34						
20	20	173/3	173/3	0.3333333333333333	1/6	1/6	Chord	3/4	2	2	1/12		1/8	2/3	282															
20	20	58	58	0.5	1/4	1/4	Chord	3/4	2	2	1/8		1/8	1	283															
20	20	117/2	117/2	0.5	3/8	3/8	Chord	3/4	2	2	1/8		1/8	1	284															
20	20	59	59	0.5	1/2	1/2	Chord	3/4	2	2	1/8		1/8	1	285															
20	20	119/2	119/2	0.5	5/8	5/8	Chord	3/4	2	2	1/8		1/8	1	286															
20	20	57	57	0.3333333333333333	0	0	Chord	3/4	3	1	1/12		1/8	2/3	287									35						
20	20	172/3	172/3	0.3333333333333333	1/12	1/12	Chord	3/4	3	1	1/12		1/8	2/3	288									35						
20	20	173/3	173/3	0.3333333333333333	1/6	1/6	Chord	3/4	3	1	1/12		1/8	2/3	289															
20	20	58	58	0.5	1/4	1/4	Chord	3/4	3	1	1/8		1/8	1	290															
20	20	117/2	117/2	0.5	3/8	3/8	Chord	3/4	3	1	1/8		1/8	1	291															
20	20	59	59	0.5	1/2	1/2	Chord	3/4	3	1	1/8		1/8	1	292															
20	20	119/2	119/2	0.5	5/8	5/8	Chord	3/4	3	1	1/8		1/8	1	293															
21	21	125/2	125/2	0.0	5/8	5/8	Dynamic	3/4	1	1	0						mf													
21	21	125/2	125/2	0.5	5/8	5/8	Chord	3/4	1	1	1/8		1/8	1	294	Im														
21	21	60	60	0.5	0	0	Chord	3/4	2	1	1/8		1/8	1	295															
21	21	121/2	121/2	0.5	1/8	1/8	Chord	3/4	2	1	1/8		1/8	1	296															
21	21	61	61	1.0	1/4	1/4	Chord	3/4	2	1	1/4		1/4	1	297															
21	21	62	62	1.0	1/2	1/2	Chord	3/4	2	1	1/4		1/4	1	298															
21	21	60	60	0.5	0	0	Chord	3/4	3	1	1/8		1/8	1	299															
21	21	121/2	121/2	0.5	1/8	1/8	Chord	3/4	3	1	1/8		1/8	1	300															
21	21	61	61	1.0	1/4	1/4	Chord	3/4	3	1	1/4		1/4	1	301															
21	21	62	62	1.0	1/2	1/2	Chord	3/4	3	1	1/4		1/4	1	302															
22	22	63	63	1.5	0	0	Chord	3/4	1	1	3/8		1/4	3/2	303	Was-														
22	22	129/2	129/2	0.5	3/8	3/8	Chord	3/4	1	1	1/8		1/8	1	304	-ser														
22	22	65	65	0.5	1/2	1/2	Chord	3/4	1	1	1/8		1/8	1	305	um														
22	22	131/2	131/2	0.5	5/8	5/8	Chord	3/4	1	1	1/8		1/8	1	306	die														
22	22	63	63	0.0	0	0	Dynamic	3/4	2	1	0						mf													
22	22	190/3	190/3	0.3333333333333333	1/12	1/12	Chord	3/4	2	1	1/12		1/8	2/3	307									36						
22	22	191/3	191/3	0.3333333333333333	1/6	1/6	Chord	3/4	2	1	1/12		1/8	2/3	308															
22	22	64	64	0.5	1/4	1/4	Chord	3/4	2	1	1/8		1/8	1	309															
22	22	129/2	129/2	0.5	3/8	3/8	Chord	3/4	2	1	1/8		1/8	1	310															
22	22	65	65	0.5	1/2	1/2	Chord	3/4	2	1	1/8		1/8	1	311															
22	22	131/2	131/2	0.5	5/8	5/8	Chord	3/4	2	1	1/8		1/8	1	312															
22	22	63	63	0.3333333333333333	0	0	Chord	3/4	3	1	1/12		1/8	2/3	313									37						
22	22	190/3	190/3	0.3333333333333333	1/12	1/12	Chord	3/4	3	1	1/12		1/8	2/3	314									37						
22	22	191/3	191/3	0.3333333333333333	1/6	1/6	Chord	3/4	3	1	1/12		1/8	2/3	315															
22	22	64	64	0.5	1/4	1/4	Chord	3/4	3	1	1/8		1/8	1	316															
22	22	129/2	129/2	0.5	3/8	3/8	Chord	3/4	3	1	1/8		1/8	1	317															
22	22	65	65	0.5	1/2	1/2	Chord	3/4	3	1	1/8		1/8	1	318															
22	22	131/2	131/2	0.5	5/8	5/8	Chord	3/4	3	1	1/8		1/8	1	319															
23	23	66	66	0.0	0	0	Spanner	3/4	1	1	0																		5	
23	23	66	66	2.0	0	0	Chord	3/4	1	1	1/2		1/2	1	320	Blu-													5	
23	23	68	68	1.0	1/2	1/2	Chord	3/4	1	1	1/4		1/4	1	321	-me													5	
23	23	199/3	199/3	0.3333333333333333	1/12	1/12	Chord	3/4	2	1	1/12		1/8	2/3	322									38						
23	23	200/3	200/3	0.3333333333333333	1/6	1/6	Chord	3/4	2	1	1/12		1/8	2/3	323															
23	23	67	67	0.5	1/4	1/4	Chord	3/4	2	1	1/8		1/8	1	324															
23	23	135/2	135/2	0.5	3/8	3/8	Chord	3/4	2	1	1/8		1/8	1	325															
23	23	68	68	0.5	1/2	1/2	Chord	3/4	2	1	1/8		1/8	1	326															
23	23	137/2	137/2	0.5	5/8	5/8	Chord	3/4	2	1	1/8		1/8	1	327															
23	23	66	66	0.3333333333333333	0	0	Chord	3/4	3	1	1/12		1/8	2/3	328									39						
23	23	199/3	199/3	0.3333333333333333	1/12	1/12	Chord	3/4	3	1	1/12		1/8	2/3	329									39						
23	23	200/3	200/3	0.3333333333333333	1/6	1/6	Chord	3/4	3	1	1/12		1/8	2/3	330															
23	23	67	67	0.5	1/4	1/4	Chord	3/4	3	1	1/8		1/8	1	331															
23	23	135/2	135/2	0.5	3/8	3/8	Chord	3/4	3	1	1/8		1/8	1	332															
23	23	68	68	0.5	1/2	1/2	Chord	3/4	3	1	1/8		1/8	1	333															
23	23	137/2	137/2	0.5	5/8	5/8	Chord	3/4	3	1	1/8		1/8	1	334															
24	24	69	69	0.0	0	0	Spanner	3/4	1	1	0																			
24	24	69	69	0.0	0	0	Spanner	3/4	1	1	0																			4
24	24	69	69	1.0	0	0	Chord	3/4	1	1	1/4		1/4	1	335	krei-														4
24	24	70	70	0.5	1/4	1/4	Chord	3/4	1	1	1/8		1/8	1	336	-set														4
24	24	141/2	141/2	0.0	3/8	3/8	Spanner	3/4	1	1	0																			
24	24	141/2	141/2	0.5	3/8	3/8	Chord	3/4	1	1	1/8		1/8	1	337	ein														
24	24	71	71	0.5	1/2	1/2	Chord	3/4	1	1	1/8		1/8	1	338	weis-														
24	24	143/2	143/2	0.5	5/8	5/8	Chord	3/4	1	1	1/8		1/8	1	339	-ser														
24	24	208/3	208/3	0.3333333333333333	1/12	1/12	Chord	3/4	2	1	1/12		1/8	2/3	340									40						
24	24	209/3	209/3	0.3333333333333333	1/6	1/6	Chord	3/4	2	1	1/12		1/8	2/3	341															
24	24	70	70	0.5	1/4	1/4	Chord	3/4	2	1	1/8		1/8	1	342															
24	24	141/2	141/2	0.5	3/8	3/8	Chord	3/4	2	1	1/8		1/8	1	343															
24	24	71	71	0.5	1/2	1/2	Chord	3/4	2	1	1/8		1/8	1	344															
24	24	143/2	143/2	0.5	5/8	5/8	Chord	3/4	2	1	1/8		1/8	1	345															
24	24	69	69	0.3333333333333333	0	0	Chord	3/4	3	1	1/12		1/8	2/3	346									41						
24	24	208/3	208/3	0.3333333333333333	1/12	1/12	Chord	3/4	3	1	1/12		1/8	2/3	347									41						
24	24	209/3	209/3	0.3333333333333333	1/6	1/6	Chord	3/4	3	1	1/12		1/8	2/3	348															
24	24	70	70	0.5	1/4	1/4	Chord	3/4	3	1	1/8		1/8	1	349															
24	24	141/2	141/2	0.5	3/8	3/8	Chord	3/4	3	1	1/8		1/8	1	350															
24	24	71	71	0.5	1/2	1/2	Chord	3/4	3	1	1/8		1/8	1	351															
24	24	143/2	143/2	0.5	5/8	5/8	Chord	3/4	3	1	1/8		1/8	1	352															
25	25	72	72	2.0	0	0	Chord	3/4	1	1	1/2		1/2	1	353	Schwan,														
25	25	149/2	149/2	0.0	5/8	5/8	Dynamic	3/4	1	1	0						p													
25	25	149/2	149/2	0.5	5/8	5/8	Chord	3/4	1	1	1/8		1/8	1	354	er														
25	25	217/3	217/3	0.3333333333333333	1/12	1/12	Chord	3/4	2	1	1/12		1/8	2/3	355									42						
25	25	218/3	218/3	0.3333333333333333	1/6	1/6	Chord	3/4	2	1	1/12		1/8	2/3	356															
25	25	73	73	0.5	1/4	1/4	Chord	3/4	2	1	1/8		1/8	1	357															
25	25	147/2	147/2	0.5	3/8	3/8	Chord	3/4	2	1	1/8		1/8	1	358															
25	25	74	74	0.5	1/2	1/2	Chord	3/4	2	1	1/8		1/8	1	359															
25	25	149/2	149/2	0.5	5/8	5/8	Chord	3/4	2	1	1/8		1/8	1	360															
25	25	72	72	0.3333333333333333	0	0	Chord	3/4	3	1	1/12		1/8	2/3	361									43						
25	25	217/3	217/3	0.3333333333333333	1/12	1/12	Chord	3/4	3	1	1/12		1/8	2/3	362									43						
25	25	218/3	218/3	0.3333333333333333	1/6	1/6	Chord	3/4	3	1	1/12		1/8	2/3	363															
25	25	73	73	0.5	1/4	1/4	Chord	3/4	3	1	1/8		1/8	1	364															
25	25	147/2	147/2	0.5	3/8	3/8	Chord	3/4	3	1	1/8		1/8	1	365															
25	25	74	74	0.5	1/2	1/2	Chord	3/4	3	1	1/8		1/8	1	366															
25	25	149/2	149/2	0.5	5/8	5/8	Chord	3/4	3	1	1/8		1/8	1	367															
26	26	75	75	1.5	0	0	Chord	3/4	1	1	3/8		1/4	3/2	368	singt														
26	26	153/2	153/2	0.5	3/8	3/8	Chord	3/4	1	1	1/8		1/8	1	369	so														
26	26	77	77	0.5	1/2	1/2	Chord	3/4	1	1	1/8		1/8	1	370	s√ºss,														
26	26	155/2	155/2	0.5	5/8	5/8	Chord	3/4	1	1	1/8		1/8	1	371	so														
26	26	226/3	226/3	0.3333333333333333	1/12	1/12	Chord	3/4	2	1	1/12		1/8	2/3	372									44						
26	26	227/3	227/3	0.3333333333333333	1/6	1/6	Chord	3/4	2	1	1/12		1/8	2/3	373															
26	26	76	76	0.5	1/4	1/4	Chord	3/4	2	1	1/8		1/8	1	374															
26	26	153/2	153/2	0.5	3/8	3/8	Chord	3/4	2	1	1/8		1/8	1	375															
26	26	155/2	155/2	0.5	5/8	5/8	Chord	3/4	2	1	1/8		1/8	1	376															
26	26	75	75	0.3333333333333333	0	0	Chord	3/4	3	1	1/12		1/8	2/3	377									45						
26	26	226/3	226/3	0.3333333333333333	1/12	1/12	Chord	3/4	3	1	1/12		1/8	2/3	378									45						
26	26	227/3	227/3	0.3333333333333333	1/6	1/6	Chord	3/4	3	1	1/12		1/8	2/3	379															
26	26	76	76	0.5	1/4	1/4	Chord	3/4	3	1	1/8		1/8	1	380															
26	26	153/2	153/2	0.5	3/8	3/8	Chord	3/4	3	1	1/8		1/8	1	381															
26	26	77	77	0.5	1/2	1/2	Chord	3/4	3	1	1/8		1/8	1	382															
26	26	155/2	155/2	0.5	5/8	5/8	Chord	3/4	3	1	1/8		1/8	1	383															
27	27	78	78	1.0	0	0	Chord	3/4	1	1	1/4		1/4	1	384	lei-														
27	27	79	79	1.0	1/4	1/4	Chord	3/4	1	1	1/4		1/4	1	385	-se														
27	27	161/2	161/2	0.5	5/8	5/8	Chord	3/4	1	1	1/8		1/8	1	386	und														
27	27	235/3	235/3	0.3333333333333333	1/12	1/12	Chord	3/4	2	1	1/12		1/8	2/3	387									46						
27	27	236/3	236/3	0.3333333333333333	1/6	1/6	Chord	3/4	2	1	1/12		1/8	2/3	388															
27	27	79	79	0.5	1/4	1/4	Chord	3/4	2	1	1/8		1/8	1	389															
27	27	159/2	159/2	0.5	3/8	3/8	Chord	3/4	2	1	1/8		1/8	1	390															
27	27	80	80	0.5	1/2	1/2	Chord	3/4	2	1	1/8		1/8	1	391															
27	27	161/2	161/2	0.5	5/8	5/8	Chord	3/4	2	1	1/8		1/8	1	392															
27	27	78	78	0.3333333333333333	0	0	Chord	3/4	3	1	1/12		1/8	2/3	393															
27	27	235/3	235/3	0.3333333333333333	1/12	1/12	Chord	3/4	3	1	1/12		1/8	2/3	394															
27	27	236/3	236/3	0.3333333333333333	1/6	1/6	Chord	3/4	3	1	1/12		1/8	2/3	395															
27	27	79	79	0.5	1/4	1/4	Chord	3/4	3	1	1/8		1/8	1	396															
27	27	159/2	159/2	0.5	3/8	3/8	Chord	3/4	3	1	1/8		1/8	1	397															
27	27	80	80	0.5	1/2	1/2	Chord	3/4	3	1	1/8		1/8	1	398															
27	27	161/2	161/2	0.5	5/8	5/8	Chord	3/4	3	1	1/8		1/8	1	399															
28	28	81	81	1.5	0	0	Chord	3/4	1	1	3/8		1/4	3/2	400	schaut														
28	28	165/2	165/2	0.5	3/8	3/8	Chord	3/4	1	1	1/8		1/8	1	401	die														
28	28	83	83	0.5	1/2	1/2	Chord	3/4	1	1	1/8		1/8	1	402	Blu-														
28	28	167/2	167/2	0.5	5/8	5/8	Chord	3/4	1	1	1/8		1/8	1	403	-me														
28	28	244/3	244/3	0.3333333333333333	1/12	1/12	Chord	3/4	2	1	1/12		1/8	2/3	404									47						
28	28	245/3	245/3	0.3333333333333333	1/6	1/6	Chord	3/4	2	1	1/12		1/8	2/3	405															
28	28	82	82	0.5	1/4	1/4	Chord	3/4	2	1	1/8		1/8	1	406															
28	28	165/2	165/2	0.5	3/8	3/8	Chord	3/4	2	1	1/8		1/8	1	407															
28	28	167/2	167/2	0.5	5/8	5/8	Chord	3/4	2	1	1/8		1/8	1	408															
28	28	81	81	0.3333333333333333	0	0	Chord	3/4	3	1	1/12		1/8	2/3	409									48						
28	28	244/3	244/3	0.3333333333333333	1/12	1/12	Chord	3/4	3	1	1/12		1/8	2/3	410									48						
28	28	245/3	245/3	0.3333333333333333	1/6	1/6	Chord	3/4	3	1	1/12		1/8	2/3	411															
28	28	82	82	0.5	1/4	1/4	Chord	3/4	3	1	1/8		1/8	1	412															
28	28	165/2	165/2	0.5	3/8	3/8	Chord	3/4	3	1	1/8		1/8	1	413															
28	28	83	83	0.5	1/2	1/2	Chord	3/4	3	1	1/8		1/8	1	414															
28	28	167/2	167/2	0.5	5/8	5/8	Chord	3/4	3	1	1/8		1/8	1	415															
29	29	84	84	2.0	0	0	Chord	3/4	1	1	1/2		1/2	1	416	an.														
29	29	173/2	173/2	0.0	5/8	5/8	Dynamic	3/4	1	1	0						pp													
29	29	173/2	173/2	0.5	5/8	5/8	Chord	3/4	1	1	1/8		1/8	1	417	Er														
29	29	253/3	253/3	0.3333333333333333	1/12	1/12	Chord	3/4	2	1	1/12		1/8	2/3	418									49						
29	29	254/3	254/3	0.3333333333333333	1/6	1/6	Chord	3/4	2	1	1/12		1/8	2/3	419															
29	29	85	85	0.5	1/4	1/4	Chord	3/4	2	1	1/8		1/8	1	420															
29	29	171/2	171/2	0.5	3/8	3/8	Chord	3/4	2	1	1/8		1/8	1	421															
29	29	86	86	0.5	1/2	1/2	Chord	3/4	2	1	1/8		1/8	1	422															
29	29	173/2	173/2	0.5	5/8	5/8	Chord	3/4	2	1	1/8		1/8	1	423															
29	29	84	84	0.3333333333333333	0	0	Chord	3/4	3	1	1/12		1/8	2/3	424									50						
29	29	253/3	253/3	0.3333333333333333	1/12	1/12	Chord	3/4	3	1	1/12		1/8	2/3	425									50						
29	29	254/3	254/3	0.3333333333333333	1/6	1/6	Chord	3/4	3	1	1/12		1/8	2/3	426															
29	29	85	85	0.5	1/4	1/4	Chord	3/4	3	1	1/8		1/8	1	427															
29	29	171/2	171/2	0.5	3/8	3/8	Chord	3/4	3	1	1/8		1/8	1	428															
29	29	86	86	0.5	1/2	1/2	Chord	3/4	3	1	1/8		1/8	1	429															
29	29	173/2	173/2	0.5	5/8	5/8	Chord	3/4	3	1	1/8		1/8	1	430															
30	30	87	87	1.5	0	0	Chord	3/4	1	1	3/8		1/4	3/2	431	singt														
30	30	177/2	177/2	0.5	3/8	3/8	Chord	3/4	1	1	1/8		1/8	1	432	so														
30	30	89	89	0.5	1/2	1/2	Chord	3/4	1	1	1/8		1/8	1	433	s√ºss,														
30	30	179/2	179/2	0.5	5/8	5/8	Chord	3/4	1	1	1/8		1/8	1	434	so														
30	30	87	87	0.0	0	0	Dynamic	3/4	2	1	0						pp													
30	30	262/3	262/3	0.3333333333333333	1/12	1/12	Chord	3/4	2	1	1/12		1/8	2/3	435									51						
30	30	263/3	263/3	0.3333333333333333	1/6	1/6	Chord	3/4	2	1	1/12		1/8	2/3	436															
30	30	88	88	0.5	1/4	1/4	Chord	3/4	2	1	1/8		1/8	1	437															
30	30	177/2	177/2	0.5	3/8	3/8	Chord	3/4	2	1	1/8		1/8	1	438															
30	30	89	89	0.5	1/2	1/2	Chord	3/4	2	1	1/8		1/8	1	439															
30	30	179/2	179/2	0.5	5/8	5/8	Chord	3/4	2	1	1/8		1/8	1	440															
30	30	87	87	0.3333333333333333	0	0	Chord	3/4	3	1	1/12		1/8	2/3	441									52						
30	30	262/3	262/3	0.3333333333333333	1/12	1/12	Chord	3/4	3	1	1/12		1/8	2/3	442									52						
30	30	263/3	263/3	0.3333333333333333	1/6	1/6	Chord	3/4	3	1	1/12		1/8	2/3	443															
30	30	88	88	0.5	1/4	1/4	Chord	3/4	3	1	1/8		1/8	1	444															
30	30	177/2	177/2	0.5	3/8	3/8	Chord	3/4	3	1	1/8		1/8	1	445															
30	30	89	89	0.5	1/2	1/2	Chord	3/4	3	1	1/8		1/8	1	446															
30	30	179/2	179/2	0.5	5/8	5/8	Chord	3/4	3	1	1/8		1/8	1	447															
31	31	90	90	1.0	0	0	Chord	3/4	1	1	1/4		1/4	1	448	lei-														
31	31	91	91	1.0	1/4	1/4	Chord	3/4	1	1	1/4		1/4	1	449	-se														
31	31	185/2	185/2	0.5	5/8	5/8	Chord	3/4	1	1	1/8		1/8	1	450	und														
31	31	271/3	271/3	0.3333333333333333	1/12	1/12	Chord	3/4	2	1	1/12		1/8	2/3	451									53						
31	31	272/3	272/3	0.3333333333333333	1/6	1/6	Chord	3/4	2	1	1/12		1/8	2/3	452															
31	31	91	91	0.5	1/4	1/4	Chord	3/4	2	1	1/8		1/8	1	453															
31	31	183/2	183/2	0.5	3/8	3/8	Chord	3/4	2	1	1/8		1/8	1	454															
31	31	92	92	0.5	1/2	1/2	Chord	3/4	2	1	1/8		1/8	1	455															
31	31	185/2	185/2	0.5	5/8	5/8	Chord	3/4	2	1	1/8		1/8	1	456															
31	31	90	90	0.3333333333333333	0	0	Chord	3/4	3	1	1/12		1/8	2/3	457									54						
31	31	271/3	271/3	0.3333333333333333	1/12	1/12	Chord	3/4	3	1	1/12		1/8	2/3	458									54						
31	31	272/3	272/3	0.3333333333333333	1/6	1/6	Chord	3/4	3	1	1/12		1/8	2/3	459															
31	31	91	91	0.5	1/4	1/4	Chord	3/4	3	1	1/8		1/8	1	460															
31	31	183/2	183/2	0.5	3/8	3/8	Chord	3/4	3	1	1/8		1/8	1	461															
31	31	92	92	0.5	1/2	1/2	Chord	3/4	3	1	1/8		1/8	1	462															
31	31	185/2	185/2	0.5	5/8	5/8	Chord	3/4	3	1	1/8		1/8	1	463															
32	32	93	93	1.5	0	0	Chord	3/4	1	1	3/8		1/4	3/2	464	will														
32	32	189/2	189/2	0.5	3/8	3/8	Chord	3/4	1	1	1/8		1/8	1	465	im														
32	32	95	95	0.5	1/2	1/2	Chord	3/4	1	1	1/8		1/8	1	466	Sin-														
32	32	191/2	191/2	0.25	5/8	5/8	Chord	3/4	1	1	1/16		1/16	1	467	-gen														
32	32	383/4	383/4	0.25	11/16	11/16	Chord	3/4	1	1	1/16		1/16	1	468	ver-														
32	32	280/3	280/3	0.3333333333333333	1/12	1/12	Chord	3/4	2	1	1/12		1/8	2/3	469									55						
32	32	281/3	281/3	0.3333333333333333	1/6	1/6	Chord	3/4	2	1	1/12		1/8	2/3	470															
32	32	94	94	0.5	1/4	1/4	Chord	3/4	2	1	1/8		1/8	1	471															
32	32	189/2	189/2	0.5	3/8	3/8	Chord	3/4	2	1	1/8		1/8	1	472															
32	32	95	95	0.5	1/2	1/2	Chord	3/4	2	1	1/8		1/8	1	473															
32	32	191/2	191/2	0.5	5/8	5/8	Chord	3/4	2	1	1/8		1/8	1	474															
32	32	93	93	0.3333333333333333	0	0	Chord	3/4	3	1	1/12		1/8	2/3	475									56						
32	32	280/3	280/3	0.3333333333333333	1/12	1/12	Chord	3/4	3	1	1/12		1/8	2/3	476									56						
32	32	281/3	281/3	0.3333333333333333	1/6	1/6	Chord	3/4	3	1	1/12		1/8	2/3	477															
32	32	94	94	0.5	1/4	1/4	Chord	3/4	3	1	1/8		1/8	1	478															
32	32	189/2	189/2	0.5	3/8	3/8	Chord	3/4	3	1	1/8		1/8	1	479															
32	32	95	95	0.5	1/2	1/2	Chord	3/4	3	1	1/8		1/8	1	480															
32	32	191/2	191/2	0.5	5/8	5/8	Chord	3/4	3	1	1/8		1/8	1	481															
33	33	96	96	2.0	0	0	Chord	3/4	1	1	1/2		1/2	1	482	-gehn.														
33	33	289/3	289/3	0.3333333333333333	1/12	1/12	Chord	3/4	2	1	1/12		1/8	2/3	483									57						
33	33	290/3	290/3	0.3333333333333333	1/6	1/6	Chord	3/4	2	1	1/12		1/8	2/3	484															
33	33	97	97	0.5	1/4	1/4	Chord	3/4	2	1	1/8		1/8	1	485															
33	33	195/2	195/2	0.5	3/8	3/8	Chord	3/4	2	1	1/8		1/8	1	486															
33	33	98	98	0.5	1/2	1/2	Chord	3/4	2	1	1/8		1/8	1	487															
33	33	197/2	197/2	0.5	5/8	5/8	Chord	3/4	2	1	1/8		1/8	1	488															
33	33	96	96	0.3333333333333333	0	0	Chord	3/4	3	1	1/12		1/8	2/3	489									58						
33	33	289/3	289/3	0.3333333333333333	1/12	1/12	Chord	3/4	3	1	1/12		1/8	2/3	490									58						
33	33	290/3	290/3	0.3333333333333333	1/6	1/6	Chord	3/4	3	1	1/12		1/8	2/3	491															
33	33	97	97	0.5	1/4	1/4	Chord	3/4	3	1	1/8		1/8	1	492															
33	33	195/2	195/2	0.5	3/8	3/8	Chord	3/4	3	1	1/8		1/8	1	493															
33	33	98	98	0.5	1/2	1/2	Chord	3/4	3	1	1/8		1/8	1	494															
33	33	197/2	197/2	0.5	5/8	5/8	Chord	3/4	3	1	1/8		1/8	1	495															
34	34	99	99	1.0	0	0	Chord	3/4	2	1	1/4		1/4	1	496															
34	34	100	100	0.5	1/4	1/4	Chord	3/4	2	1	1/8		1/8	1	497															
34	34	201/2	201/2	0.5	3/8	3/8	Chord	3/4	2	1	1/8		1/8	1	498															
34	34	101	101	0.5	1/2	1/2	Chord	3/4	2	1	1/8		1/8	1	499															
34	34	203/2	203/2	0.5	5/8	5/8	Chord	3/4	2	1	1/8		1/8	1	500															
34	34	199/2	199/2	0.5	1/8	1/8	Chord	3/4	2	2	1/8		1/8	1	501															
34	34	100	100	0.5	1/4	1/4	Chord	3/4	2	2	1/8		1/8	1	502															
34	34	298/3	298/3	0.3333333333333333	1/12	1/12	Chord	3/4	3	1	1/12		1/8	2/3	503									59						
34	34	299/3	299/3	0.3333333333333333	1/6	1/6	Chord	3/4	3	1	1/12		1/8	2/3	504															
34	34	100	100	0.5	1/4	1/4	Chord	3/4	3	1	1/8		1/8	1	505															
34	34	201/2	201/2	0.5	3/8	3/8	Chord	3/4	3	1	1/8		1/8	1	506															
34	34	101	101	0.5	1/2	1/2	Chord	3/4	3	1	1/8		1/8	1	507															
34	34	203/2	203/2	0.5	5/8	5/8	Chord	3/4	3	1	1/8		1/8	1	508															
34	34	99	99	1.0	0	0	Chord	3/4	3	2	1/4		1/4	1	509															
34	34	100	100	0.5	1/4	1/4	Chord	3/4	3	2	1/8		1/8	1	510															
35	35	209/2	209/2	0.0	5/8	5/8	Tempo	3/4	1	1	0								Innig	65.0			1.0							
35	35	209/2	209/2	0.5	5/8	5/8	Chord	3/4	1	1	1/8		1/8	1	511	O														
35	35	102	102	0.3333333333333333	0	0	Chord	3/4	2	1	1/12		1/8	2/3	512									60						
35	35	307/3	307/3	0.3333333333333333	1/12	1/12	Chord	3/4	2	1	1/12		1/8	2/3	513									60						
35	35	308/3	308/3	0.3333333333333333	1/6	1/6	Chord	3/4	2	1	1/12		1/8	2/3	514															
35	35	103	103	0.5	1/4	1/4	Chord	3/4	2	1	1/8		1/8	1	515															
35	35	207/2	207/2	0.5	3/8	3/8	Chord	3/4	2	1	1/8		1/8	1	516															
35	35	104	104	0.5	1/2	1/2	Chord	3/4	2	1	1/8		1/8	1	517															
35	35	209/2	209/2	0.5	5/8	5/8	Chord	3/4	2	1	1/8		1/8	1	518															
35	35	102	102	0.3333333333333333	0	0	Chord	3/4	3	1	1/12		1/8	2/3	519									61						
35	35	307/3	307/3	0.3333333333333333	1/12	1/12	Chord	3/4	3	1	1/12		1/8	2/3	520									61						
35	35	308/3	308/3	0.3333333333333333	1/6	1/6	Chord	3/4	3	1	1/12		1/8	2/3	521															
35	35	103	103	0.5	1/4	1/4	Chord	3/4	3	1	1/8		1/8	1	522															
35	35	207/2	207/2	0.5	3/8	3/8	Chord	3/4	3	1	1/8		1/8	1	523															
35	35	104	104	0.5	1/2	1/2	Chord	3/4	3	1	1/8		1/8	1	524															
35	35	209/2	209/2	0.5	5/8	5/8	Chord	3/4	3	1	1/8		1/8	1	525															
36	36	105	105	1.0	0	0	Chord	3/4	1	1	1/4		1/4	1	526	Blu-														
36	36	106	106	1.0	1/4	1/4	Chord	3/4	1	1	1/4		1/4	1	527	-me,														
36	36	107	107	0.5	1/2	1/2	Chord	3/4	1	1	1/8		1/8	1	528	weis-														
36	36	215/2	215/2	0.5	5/8	5/8	Chord	3/4	1	1	1/8		1/8	1	529	-se														
36	36	316/3	316/3	0.3333333333333333	1/12	1/12	Chord	3/4	2	1	1/12		1/8	2/3	530									62						
36	36	317/3	317/3	0.3333333333333333	1/6	1/6	Chord	3/4	2	1	1/12		1/8	2/3	531															
36	36	106	106	0.5	1/4	1/4	Chord	3/4	2	1	1/8		1/8	1	532															
36	36	213/2	213/2	0.5	3/8	3/8	Chord	3/4	2	1	1/8		1/8	1	533															
36	36	107	107	0.5	1/2	1/2	Chord	3/4	2	1	1/8		1/8	1	534															
36	36	215/2	215/2	0.5	5/8	5/8	Chord	3/4	2	1	1/8		1/8	1	535															
36	36	105	105	0.3333333333333333	0	0	Chord	3/4	3	1	1/12		1/8	2/3	536									63						
36	36	316/3	316/3	0.3333333333333333	1/12	1/12	Chord	3/4	3	1	1/12		1/8	2/3	537									63						
36	36	317/3	317/3	0.3333333333333333	1/6	1/6	Chord	3/4	3	1	1/12		1/8	2/3	538															
36	36	106	106	0.5	1/4	1/4	Chord	3/4	3	1	1/8		1/8	1	539															
36	36	213/2	213/2	0.5	3/8	3/8	Chord	3/4	3	1	1/8		1/8	1	540															
36	36	107	107	0.5	1/2	1/2	Chord	3/4	3	1	1/8		1/8	1	541															
36	36	215/2	215/2	0.5	5/8	5/8	Chord	3/4	3	1	1/8		1/8	1	542															
37	37	108	108	1.0	0	0	Chord	3/4	1	1	1/4		1/4	1	543	Blu-														
37	37	109	109	1.0	1/4	1/4	Chord	3/4	1	1	1/4		1/4	1	544	-me,														
37	37	221/2	221/2	0.5	5/8	5/8	Chord	3/4	1	1	1/8		1/8	1	545	kannst														
37	37	325/3	325/3	0.3333333333333333	1/12	1/12	Chord	3/4	2	1	1/12		1/8	2/3	546									64						
37	37	326/3	326/3	0.3333333333333333	1/6	1/6	Chord	3/4	2	1	1/12		1/8	2/3	547															
37	37	109	109	0.5	1/4	1/4	Chord	3/4	2	1	1/8		1/8	1	548															
37	37	219/2	219/2	0.5	3/8	3/8	Chord	3/4	2	1	1/8		1/8	1	549															
37	37	110	110	0.5	1/2	1/2	Chord	3/4	2	1	1/8		1/8	1	550															
37	37	221/2	221/2	0.5	5/8	5/8	Chord	3/4	2	1	1/8		1/8	1	551															
37	37	108	108	0.3333333333333333	0	0	Chord	3/4	3	1	1/12		1/8	2/3	552									65						
37	37	325/3	325/3	0.3333333333333333	1/12	1/12	Chord	3/4	3	1	1/12		1/8	2/3	553									65						
37	37	326/3	326/3	0.3333333333333333	1/6	1/6	Chord	3/4	3	1	1/12		1/8	2/3	554															
37	37	109	109	0.5	1/4	1/4	Chord	3/4	3	1	1/8		1/8	1	555															
37	37	219/2	219/2	0.5	3/8	3/8	Chord	3/4	3	1	1/8		1/8	1	556															
37	37	110	110	0.5	1/2	1/2	Chord	3/4	3	1	1/8		1/8	1	557															
37	37	221/2	221/2	0.5	5/8	5/8	Chord	3/4	3	1	1/8		1/8	1	558															
38	38	111	111	0.5	0	0	Chord	3/4	1	1	1/8		1/8	1	559	du														
38	38	223/2	223/2	0.5	1/8	1/8	Chord	3/4	1	1	1/8		1/8	1	560	das														
38	38	112	112	1.0	1/4	1/4	Chord	3/4	1	1	1/4		1/4	1	561	Lied														
38	38	113	113	1.0	1/2	1/2	Chord	3/4	1	1	1/4		1/4	1	562	ver-														
38	38	111	111	0.5	0	0	Chord	3/4	2	1	1/8		1/8	1	563															
38	38	223/2	223/2	0.5	1/8	1/8	Chord	3/4	2	1	1/8		1/8	1	564															
38	38	112	112	1.0	1/4	1/4	Chord	3/4	2	1	1/4		1/4	1	565															
38	38	113	113	1.0	1/2	1/2	Chord	3/4	2	1	1/4		1/4	1	566															
38	38	112	112	0.5	1/4	1/4	Chord	3/4	2	2	1/8		1/8	1	567															
38	38	225/2	225/2	0.5	3/8	3/8	Chord	3/4	2	2	1/8		1/8	1	568															
38	38	113	113	0.5	1/2	1/2	Chord	3/4	2	2	1/8		1/8	1	569															
38	38	227/2	227/2	0.5	5/8	5/8	Chord	3/4	2	2	1/8		1/8	1	570															
38	38	111	111	0.5	0	0	Chord	3/4	3	1	1/8		1/8	1	571															
38	38	223/2	223/2	0.5	1/8	1/8	Chord	3/4	3	1	1/8		1/8	1	572															
38	38	112	112	0.5	1/4	1/4	Chord	3/4	3	1	1/8		1/8	1	573															
38	38	225/2	225/2	0.5	3/8	3/8	Chord	3/4	3	1	1/8		1/8	1	574															
38	38	113	113	0.5	1/2	1/2	Chord	3/4	3	1	1/8		1/8	1	575															
38	38	227/2	227/2	0.5	5/8	5/8	Chord	3/4	3	1	1/8		1/8	1	576															
39	39	114	114	2.0	0	0	Chord	3/4	1	1	1/2		1/2	1	577	-stehn?														
39	39	116	116	0.5	1/2	1/2	Chord	3/4	1	1	1/8		1/8	1	578															
39	39	233/2	233/2	0.5	5/8	5/8	Chord	3/4	1	1	1/8		1/8	1	579	o														
39	39	343/3	343/3	0.3333333333333333	1/12	1/12	Chord	3/4	2	1	1/12		1/8	2/3	580									66						
39	39	344/3	344/3	0.3333333333333333	1/6	1/6	Chord	3/4	2	1	1/12		1/8	2/3	581															
39	39	115	115	0.5	1/4	1/4	Chord	3/4	2	1	1/8		1/8	1	582															
39	39	231/2	231/2	0.5	3/8	3/8	Chord	3/4	2	1	1/8		1/8	1	583															
39	39	116	116	0.5	1/2	1/2	Chord	3/4	2	1	1/8		1/8	1	584															
39	39	233/2	233/2	0.5	5/8	5/8	Chord	3/4	2	1	1/8		1/8	1	585															
39	39	114	114	0.3333333333333333	0	0	Chord	3/4	3	1	1/12		1/8	2/3	586															
39	39	343/3	343/3	0.3333333333333333	1/12	1/12	Chord	3/4	3	1	1/12		1/8	2/3	587															
39	39	344/3	344/3	0.3333333333333333	1/6	1/6	Chord	3/4	3	1	1/12		1/8	2/3	588															
39	39	115	115	0.5	1/4	1/4	Chord	3/4	3	1	1/8		1/8	1	589															
39	39	231/2	231/2	0.5	3/8	3/8	Chord	3/4	3	1	1/8		1/8	1	590															
39	39	116	116	0.5	1/2	1/2	Chord	3/4	3	1	1/8		1/8	1	591															
39	39	233/2	233/2	0.5	5/8	5/8	Chord	3/4	3	1	1/8		1/8	1	592															
40	40	117	117	1.5	0	0	Chord	3/4	1	1	3/8		1/4	3/2	593	Blu-														
40	40	237/2	237/2	0.5	3/8	3/8	Chord	3/4	1	1	1/8		1/8	1	594	-me,														
40	40	119	119	0.5	1/2	1/2	Chord	3/4	1	1	1/8		1/8	1	595	weis-														
40	40	239/2	239/2	0.5	5/8	5/8	Chord	3/4	1	1	1/8		1/8	1	596	-se														
40	40	352/3	352/3	0.3333333333333333	1/12	1/12	Chord	3/4	2	1	1/12		1/8	2/3	597									67						
40	40	353/3	353/3	0.3333333333333333	1/6	1/6	Chord	3/4	2	1	1/12		1/8	2/3	598															
40	40	118	118	0.5	1/4	1/4	Chord	3/4	2	1	1/8		1/8	1	599															
40	40	237/2	237/2	0.5	3/8	3/8	Chord	3/4	2	1	1/8		1/8	1	600															
40	40	239/2	239/2	0.5	5/8	5/8	Chord	3/4	2	1	1/8		1/8	1	601															
40	40	117	117	0.3333333333333333	0	0	Chord	3/4	3	1	1/12		1/8	2/3	602									68						
40	40	352/3	352/3	0.3333333333333333	1/12	1/12	Chord	3/4	3	1	1/12		1/8	2/3	603									68						
40	40	353/3	353/3	0.3333333333333333	1/6	1/6	Chord	3/4	3	1	1/12		1/8	2/3	604															
40	40	118	118	0.5	1/4	1/4	Chord	3/4	3	1	1/8		1/8	1	605															
40	40	237/2	237/2	0.5	3/8	3/8	Chord	3/4	3	1	1/8		1/8	1	606															
40	40	119	119	0.5	1/2	1/2	Chord	3/4	3	1	1/8		1/8	1	607															
40	40	239/2	239/2	0.5	5/8	5/8	Chord	3/4	3	1	1/8		1/8	1	608															
41	41	120	120	1.0	0	0	Chord	3/4	1	1	1/4		1/4	1	609	Blu-														
41	41	121	121	1.0	1/4	1/4	Chord	3/4	1	1	1/4		1/4	1	610	-me,														
41	41	245/2	245/2	0.0	5/8	5/8	StaffText	3/4	1	1	0							rit.												
41	41	245/2	245/2	0.5	5/8	5/8	Chord	3/4	1	1	1/8		1/8	1	611	kannst														
41	41	361/3	361/3	0.3333333333333333	1/12	1/12	Chord	3/4	2	1	1/12		1/8	2/3	612									69						
41	41	362/3	362/3	0.3333333333333333	1/6	1/6	Chord	3/4	2	1	1/12		1/8	2/3	613															
41	41	121	121	0.5	1/4	1/4	Chord	3/4	2	1	1/8		1/8	1	614															
41	41	243/2	243/2	0.5	3/8	3/8	Chord	3/4	2	1	1/8		1/8	1	615															
41	41	245/2	245/2	0.5	5/8	5/8	Chord	3/4	2	1	1/8		1/8	1	616															
41	41	120	120	0.3333333333333333	0	0	Chord	3/4	3	1	1/12		1/8	2/3	617									70						
41	41	361/3	361/3	0.3333333333333333	1/12	1/12	Chord	3/4	3	1	1/12		1/8	2/3	618									70						
41	41	362/3	362/3	0.3333333333333333	1/6	1/6	Chord	3/4	3	1	1/12		1/8	2/3	619															
41	41	121	121	0.5	1/4	1/4	Chord	3/4	3	1	1/8		1/8	1	620															
41	41	243/2	243/2	0.5	3/8	3/8	Chord	3/4	3	1	1/8		1/8	1	621															
41	41	122	122	0.5	1/2	1/2	Chord	3/4	3	1	1/8		1/8	1	622															
41	41	245/2	245/2	0.0	5/8	5/8	Spanner	3/4	3	1	0														0	0				
41	41	245/2	245/2	0.5	5/8	5/8	Chord	3/4	3	1	1/8		1/8	1	623										0	0				
42	42	123	123	1.5	0	0	Chord	3/4	1	1	3/8		1/4	3/2	624	du														
42	42	249/2	249/2	0.5	3/8	3/8	Chord	3/4	1	1	1/8		1/8	1	625	das														
42	42	125	125	0.5	1/2	1/2	Chord	3/4	1	1	1/8		1/8	1	626	Lied														
42	42	251/2	251/2	0.5	5/8	5/8	Chord	3/4	1	1	1/8		1/8	1	627	ver-														
42	42	370/3	370/3	0.3333333333333333	1/12	1/12	Chord	3/4	2	1	1/12		1/8	2/3	628									71						
42	42	371/3	371/3	0.3333333333333333	1/6	1/6	Chord	3/4	2	1	1/12		1/8	2/3	629															
42	42	124	124	0.5	1/4	1/4	Chord	3/4	2	1	1/8		1/8	1	630															
42	42	249/2	249/2	0.5	3/8	3/8	Chord	3/4	2	1	1/8		1/8	1	631															
42	42	251/2	251/2	0.5	5/8	5/8	Chord	3/4	2	1	1/8		1/8	1	632															
42	42	123	123	0.3333333333333333	0	0	Chord	3/4	3	1	1/12		1/8	2/3	633										0	0				
42	42	370/3	370/3	0.3333333333333333	1/12	1/12	Chord	3/4	3	1	1/12		1/8	2/3	634										0	0				
42	42	371/3	371/3	0.3333333333333333	1/6	1/6	Chord	3/4	3	1	1/12		1/8	2/3	635										0	0				
42	42	124	124	0.5	1/4	1/4	Chord	3/4	3	1	1/8		1/8	1	636										0	0				
42	42	249/2	249/2	0.5	3/8	3/8	Chord	3/4	3	1	1/8		1/8	1	637										0	0				
42	42	125	125	0.5	1/2	1/2	Chord	3/4	3	1	1/8		1/8	1	638										0	0				
42	42	251/2	251/2	0.5	5/8	5/8	Chord	3/4	3	1	1/8		1/8	1	639										0	0				
43	43	126	126	3.0	0	0	Chord	3/4	1	1	3/4		1/2	3/2	640	-stehn?														
43	43	379/3	379/3	0.3333333333333333	1/12	1/12	Chord	3/4	2	1	1/12		1/8	2/3	641									72						
43	43	380/3	380/3	0.3333333333333333	1/6	1/6	Chord	3/4	2	1	1/12		1/8	2/3	642															
43	43	127	127	0.5	1/4	1/4	Chord	3/4	2	1	1/8		1/8	1	643															
43	43	255/2	255/2	0.5	3/8	3/8	Chord	3/4	2	1	1/8		1/8	1	644															
43	43	128	128	0.5	1/2	1/2	Chord	3/4	2	1	1/8		1/8	1	645															
43	43	257/2	257/2	0.5	5/8	5/8	Chord	3/4	2	1	1/8		1/8	1	646															
43	43	126	126	0.3333333333333333	0	0	Chord	3/4	3	1	1/12		1/8	2/3	647									73	0	0				
43	43	379/3	379/3	0.3333333333333333	1/12	1/12	Chord	3/4	3	1	1/12		1/8	2/3	648									73	0	0				
43	43	380/3	380/3	0.3333333333333333	1/6	1/6	Chord	3/4	3	1	1/12		1/8	2/3	649										0	0				
43	43	127	127	0.5	1/4	1/4	Chord	3/4	3	1	1/8		1/8	1	650										0	0				
43	43	255/2	255/2	0.5	3/8	3/8	Chord	3/4	3	1	1/8		1/8	1	651										0	0				
43	43	128	128	0.5	1/2	1/2	Chord	3/4	3	1	1/8		1/8	1	652										0	0				
43	43	257/2	257/2	0.5	5/8	5/8	Chord	3/4	3	1	1/8		1/8	1	653										0	0				
44	44	129	129	1.0	0	0	Chord	3/4	1	1	1/4		1/4	1	654															
44	44	129	129	1.0	0	0	Chord	3/4	2	1	1/4		1/4	1	655															
44	44	130	130	0.5	1/4	1/4	Chord	3/4	2	1	1/8		1/8	1	656															
44	44	261/2	261/2	0.5	3/8	3/8	Chord	3/4	2	1	1/8		1/8	1	657															
44	44	131	131	0.5	1/2	1/2	Chord	3/4	2	1	1/8		1/8	1	658															
44	44	263/2	263/2	0.5	5/8	5/8	Chord	3/4	2	1	1/8		1/8	1	659															
44	44	388/3	388/3	0.3333333333333333	1/12	1/12	Chord	3/4	2	2	1/12		1/8	2/3	660									74						
44	44	389/3	389/3	0.3333333333333333	1/6	1/6	Chord	3/4	2	2	1/12		1/8	2/3	661															
44	44	130	130	0.5	1/4	1/4	Chord	3/4	2	2	1/8		1/8	1	662															
44	44	129	129	0.3333333333333333	0	0	Chord	3/4	3	1	1/12		1/8	2/3	663									75	0	0				
44	44	388/3	388/3	0.3333333333333333	1/12	1/12	Chord	3/4	3	1	1/12		1/8	2/3	664									75	0	0				
44	44	389/3	389/3	0.3333333333333333	1/6	1/6	Chord	3/4	3	1	1/12		1/8	2/3	665										0	0				
44	44	130	130	0.5	1/4	1/4	Chord	3/4	3	1	1/8		1/8	1	666										0	0				
44	44	261/2	261/2	0.5	3/8	3/8	Chord	3/4	3	1	1/8		1/8	1	667										0	0				
44	44	131	131	0.5	1/2	1/2	Chord	3/4	3	1	1/8		1/8	1	668										0	0				
44	44	263/2	263/2	0.5	5/8	5/8	Chord	3/4	3	1	1/8		1/8	1	669										0	0				
45	45	132	132	1.0	0	0	Chord	3/4	2	1	1/4		1/4	1	670															
45	45	133	133	0.5	1/4	1/4	Chord	3/4	2	1	1/8		1/8	1	671															
45	45	267/2	267/2	0.5	3/8	3/8	Chord	3/4	2	1	1/8		1/8	1	672															
45	45	134	134	0.5	1/2	1/2	Chord	3/4	2	1	1/8		1/8	1	673															
45	45	269/2	269/2	0.5	5/8	5/8	Chord	3/4	2	1	1/8		1/8	1	674															
45	45	397/3	397/3	0.3333333333333333	1/12	1/12	Chord	3/4	2	2	1/12		1/8	2/3	675									76						
45	45	398/3	398/3	0.3333333333333333	1/6	1/6	Chord	3/4	2	2	1/12		1/8	2/3	676															
45	45	133	133	0.5	1/4	1/4	Chord	3/4	2	2	1/8		1/8	1	677															
45	45	132	132	0.3333333333333333	0	0	Chord	3/4	3	1	1/12		1/8	2/3	678									77	0	0				
45	45	397/3	397/3	0.0	1/12	1/12	Spanner	3/4	3	1	0													77						
45	45	397/3	397/3	0.3333333333333333	1/12	1/12	Chord	3/4	3	1	1/12		1/8	2/3	679									77						
45	45	398/3	398/3	0.3333333333333333	1/6	1/6	Chord	3/4	3	1	1/12		1/8	2/3	680															
45	45	133	133	1.0	1/4	1/4	Chord	3/4	3	1	1/4		1/4	1	681															
45	45	134	134	1.0	1/2	1/2	Chord	3/4	3	1	1/4		1/4	1	682															
46	46	135	135	3.0	0	0	Chord	3/4	2	1	3/4		1/2	3/2	683									78						
46	46	135	135	3.0	0	0	Chord	3/4	2	2	3/4		1/2	3/2	684															
46	46	137	137	1.0	1/2	1/2	Chord	3/4	2	3	1/4		1/4	1	685															
46	46	135	135	0.0	0	0	Dynamic	3/4	3	1	0						pp													
46	46	135	135	0.0	0	0	Spanner	3/4	3	1	0																1	1		
46	46	135	135	3.0	0	0	Chord	3/4	3	1	3/4		1/2	3/2	686												1	1		
47	47	138	138	3.0	0	0	Chord	3/4	2	1	3/4		1/2	3/2	687															
47	47	138	138	3.0	0	0	Chord	3/4	2	2	3/4		1/2	3/2	688															
47	47	138	138	3.0	0	0	Chord	3/4	3	1	3/4		1/2	3/2	689												1	1		
47	47	141	141	0.0	3/4	3/4	Spanner	3/4	3	1	0																			
