mc	mn	quarterbeats	quarterbeats_all_endings	duration_qb	mc_onset	mn_onset	event	timesig	staff	voice	duration	gracenote	nominal_duration	scalar	chord_id	lyrics_1	dynamics	articulation	tempo	qpm	metronome_base	metronome_number	tempo_visible	slur	pedal	Pedal_<sym>keyboardPedalPed</sym>	diminuendo_line	crescendo_line	crescendo_hairpin
1	0	0	0	0.0	0	5/8	Tempo	6/8	1	1	0								Lebhaft	116.0			1.0						
1	0	0	0	0.0	0	5/8	Tempo	6/8	1	1	0								ùÖü.=56	84.0	ùÖü.	56.0	0.0						
1	0	0	0	0.0	0	5/8	Dynamic	6/8	2	1	0						p												
1	0	0	0	0.5	0	5/8	Chord	6/8	2	1	1/8		1/8	1	0									0					
2	1	1/2	1/2	0.5	0	0	Chord	6/8	2	1	1/8		1/8	1	1														
2	1	3/2	3/2	0.5	1/4	1/4	Chord	6/8	2	1	1/8		1/8	1	2									1					
2	1	2	2	0.5	3/8	3/8	Chord	6/8	2	1	1/8		1/8	1	3														
2	1	3	3	0.5	5/8	5/8	Chord	6/8	2	1	1/8		1/8	1	4									2					
2	1	1	1	0.0	1/8	1/8	Chord	6/8	3	1	0	acciaccatura	1/8	1	5														
2	1	1	1	1.0	1/8	1/8	Chord	6/8	3	1	1/4		1/4	1	6														
2	1	5/2	5/2	1.0	1/2	1/2	Chord	6/8	3	1	1/4		1/4	1	7														
3	2	7/2	7/2	0.5	0	0	Chord	6/8	2	1	1/8		1/8	1	8														
3	2	9/2	9/2	0.5	1/4	1/4	Chord	6/8	2	1	1/8		1/8	1	9									3					
3	2	5	5	0.5	3/8	3/8	Chord	6/8	2	1	1/8		1/8	1	10														
3	2	6	6	0.5	5/8	5/8	Chord	6/8	2	1	1/8		1/8	1	11														
3	2	4	4	0.0	1/8	1/8	Chord	6/8	3	1	0	acciaccatura	1/8	1	12														
3	2	4	4	1.0	1/8	1/8	Chord	6/8	3	1	1/4		1/4	1	13														
3	2	11/2	11/2	1.0	1/2	1/2	Chord	6/8	3	1	1/4		1/4	1	14														
4	3	13/2	13/2	0.5	0	0	Chord	6/8	2	1	1/8		1/8	1	15														
4	3	15/2	15/2	0.5	1/4	1/4	Chord	6/8	2	1	1/8		1/8	1	16									4					
4	3	8	8	0.5	3/8	3/8	Chord	6/8	2	1	1/8		1/8	1	17														
4	3	9	9	0.5	5/8	5/8	Chord	6/8	2	1	1/8		1/8	1	18									5					
4	3	7	7	0.0	1/8	1/8	Chord	6/8	3	1	0	acciaccatura	1/8	1	19														
4	3	7	7	1.0	1/8	1/8	Chord	6/8	3	1	1/4		1/4	1	20														
4	3	17/2	17/2	1.0	1/2	1/2	Chord	6/8	3	1	1/4		1/4	1	21														
5	4	12	12	0.0	5/8	5/8	Dynamic	6/8	1	1	0						f												
5	4	12	12	0.5	5/8	5/8	Chord	6/8	1	1	1/8		1/8	1	22	Das													
5	4	19/2	19/2	0.5	0	0	Chord	6/8	2	1	1/8		1/8	1	23														
5	4	21/2	21/2	0.5	1/4	1/4	Chord	6/8	2	1	1/8		1/8	1	24									6					
5	4	11	11	0.5	3/8	3/8	Chord	6/8	2	1	1/8		1/8	1	25														
5	4	12	12	0.5	5/8	5/8	Chord	6/8	2	1	1/8		1/8	1	26									7					
5	4	10	10	1.0	1/8	1/8	Chord	6/8	3	1	1/4		1/4	1	27														
5	4	23/2	23/2	1.0	1/2	1/2	Chord	6/8	3	1	1/4		1/4	1	28														
6	5	25/2	25/2	1.0	0	0	Chord	6/8	1	1	1/4		1/4	1	29	ist													
6	5	27/2	27/2	0.5	1/4	1/4	Chord	6/8	1	1	1/8		1/8	1	30	ein													
6	5	14	14	1.0	3/8	3/8	Chord	6/8	1	1	1/4		1/4	1	31	Tag,													
6	5	15	15	0.5	5/8	5/8	Chord	6/8	1	1	1/8		1/8	1	32	der													
6	5	25/2	25/2	0.5	0	0	Chord	6/8	2	1	1/8		1/8	1	33														
6	5	27/2	27/2	0.5	1/4	1/4	Chord	6/8	2	1	1/8		1/8	1	34									8					
6	5	14	14	0.5	3/8	3/8	Chord	6/8	2	1	1/8		1/8	1	35														
6	5	15	15	0.5	5/8	5/8	Chord	6/8	2	1	1/8		1/8	1	36														
6	5	13	13	1.0	1/8	1/8	Chord	6/8	3	1	1/4		1/4	1	37														
6	5	29/2	29/2	1.0	1/2	1/2	Chord	6/8	3	1	1/4		1/4	1	38														
7	6	31/2	31/2	1.0	0	0	Chord	6/8	1	1	1/4		1/4	1	39	klin-													
7	6	33/2	33/2	0.5	1/4	1/4	Chord	6/8	1	1	1/8		1/8	1	40	-gen													
7	6	17	17	1.0	3/8	3/8	Chord	6/8	1	1	1/4		1/4	1	41	mag 													
7	6	31/2	31/2	0.5	0	0	Chord	6/8	2	1	1/8		1/8	1	42														
7	6	33/2	33/2	0.5	1/4	1/4	Chord	6/8	2	1	1/8		1/8	1	43														
7	6	17	17	0.5	3/8	3/8	Chord	6/8	2	1	1/8		1/8	1	44														
7	6	18	18	0.0	5/8	5/8	Chord	6/8	2	1	0	acciaccatura	1/8	1	45														
7	6	18	18	0.5	5/8	5/8	Chord	6/8	2	1	1/8		1/8	1	46														
7	6	18	18	0.0	5/8	5/8	Dynamic	6/8	2	2	0						p												
7	6	18	18	0.5	5/8	5/8	Chord	6/8	2	2	1/8		1/8	1	47									9					
7	6	16	16	1.0	1/8	1/8	Chord	6/8	3	1	1/4		1/4	1	48														
7	6	35/2	35/2	0.5	1/2	1/2	Chord	6/8	3	1	1/8		1/8	1	49														
7	6	18	18	0.5	5/8	5/8	Chord	6/8	3	1	1/8		1/8	1	50									10					
8	7	37/2	37/2	1.0	0	0	Chord	6/8	2	1	1/4		1/4	1	51														
8	7	39/2	39/2	0.0	1/4	1/4	Chord	6/8	2	1	0	acciaccatura	1/8	1	52														
8	7	39/2	39/2	0.5	1/4	1/4	Chord	6/8	2	1	1/8		1/8	1	53														
8	7	20	20	1.0	3/8	3/8	Chord	6/8	2	1	1/4		1/4	1	54														
8	7	21	21	0.0	5/8	5/8	Chord	6/8	2	1	0	acciaccatura	1/8	1	55														
8	7	21	21	0.5	5/8	5/8	Chord	6/8	2	1	1/8		1/8	1	56														
8	7	37/2	37/2	1.0	0	0	Chord	6/8	2	2	1/4		1/4	1	57														
8	7	39/2	39/2	0.5	1/4	1/4	Chord	6/8	2	2	1/8		1/8	1	58									11					
8	7	20	20	1.0	3/8	3/8	Chord	6/8	2	2	1/4		1/4	1	59														
8	7	21	21	0.5	5/8	5/8	Chord	6/8	2	2	1/8		1/8	1	60									12					
8	7	37/2	37/2	1.0	0	0	Chord	6/8	3	1	1/4		1/4	1	61														
8	7	39/2	39/2	0.5	1/4	1/4	Chord	6/8	3	1	1/8		1/8	1	62									13					
8	7	20	20	1.0	3/8	3/8	Chord	6/8	3	1	1/4		1/4	1	63														
8	7	21	21	0.5	5/8	5/8	Chord	6/8	3	1	1/8		1/8	1	64									14					
8	7	19	19	1.5	1/8	1/8	Chord	6/8	3	2	3/8		1/4	3/2	65														
8	7	41/2	41/2	1.0	1/2	1/2	Chord	6/8	3	2	1/4		1/4	1	66														
9	8	24	24	0.0	5/8	5/8	Dynamic	6/8	1	1	0						p												
9	8	24	24	0.5	5/8	5/8	Chord	6/8	1	1	1/8		1/8	1	67	Die													
9	8	43/2	43/2	1.0	0	0	Chord	6/8	2	1	1/4		1/4	1	68														
9	8	45/2	45/2	0.0	1/4	1/4	Chord	6/8	2	1	0	acciaccatura	1/8	1	69														
9	8	45/2	45/2	0.5	1/4	1/4	Chord	6/8	2	1	1/8		1/8	1	70														
9	8	23	23	1.0	3/8	3/8	Chord	6/8	2	1	1/4		1/4	1	71														
9	8	24	24	0.0	5/8	5/8	Chord	6/8	2	1	0	acciaccatura	1/8	1	72														
9	8	24	24	0.5	5/8	5/8	Chord	6/8	2	1	1/8		1/8	1	73														
9	8	43/2	43/2	1.0	0	0	Chord	6/8	2	2	1/4		1/4	1	74														
9	8	45/2	45/2	0.5	1/4	1/4	Chord	6/8	2	2	1/8		1/8	1	75									15					
9	8	23	23	1.0	3/8	3/8	Chord	6/8	2	2	1/4		1/4	1	76														
9	8	24	24	0.5	5/8	5/8	Chord	6/8	2	2	1/8		1/8	1	77									16					
9	8	43/2	43/2	1.0	0	0	Chord	6/8	3	1	1/4		1/4	1	78														
9	8	45/2	45/2	0.5	1/4	1/4	Chord	6/8	3	1	1/8		1/8	1	79									17					
9	8	23	23	1.0	3/8	3/8	Chord	6/8	3	1	1/4		1/4	1	80														
9	8	24	24	0.5	5/8	5/8	Chord	6/8	3	1	1/8		1/8	1	81									18					
9	8	43/2	43/2	0.5	0	0	Chord	6/8	3	2	1/8		1/8	1	82														
9	8	22	22	1.5	1/8	1/8	Chord	6/8	3	2	3/8		1/4	3/2	83														
9	8	47/2	47/2	1.0	1/2	1/2	Chord	6/8	3	2	1/4		1/4	1	84														
10	9	49/2	49/2	1.0	0	0	Chord	6/8	1	1	1/4		1/4	1	85	Wach-													
10	9	51/2	51/2	0.5	1/4	1/4	Chord	6/8	1	1	1/8		1/8	1	86	-tel													
10	9	26	26	0.5	3/8	3/8	Chord	6/8	1	1	1/8		1/8	1	87	schl√§gt													
10	9	53/2	53/2	0.0	1/2	1/2	Chord	6/8	1	1	0	grace16	1/16	1	88														
10	9	53/2	53/2	0.0	1/2	1/2	Chord	6/8	1	1	0	grace16	1/16	1	89														
10	9	53/2	53/2	0.5	1/2	1/2	Chord	6/8	1	1	1/8		1/8	1	90														
10	9	27	27	0.5	5/8	5/8	Chord	6/8	1	1	1/8		1/8	1	91	im													
10	9	49/2	49/2	1.0	0	0	Chord	6/8	2	1	1/4		1/4	1	92														
10	9	51/2	51/2	0.0	1/4	1/4	Chord	6/8	2	1	0	acciaccatura	1/8	1	93														
10	9	51/2	51/2	0.5	1/4	1/4	Chord	6/8	2	1	1/8		1/8	1	94														
10	9	26	26	1.0	3/8	3/8	Chord	6/8	2	1	1/4		1/4	1	95														
10	9	27	27	0.0	5/8	5/8	Chord	6/8	2	1	0	acciaccatura	1/8	1	96														
10	9	27	27	0.5	5/8	5/8	Chord	6/8	2	1	1/8		1/8	1	97														
10	9	49/2	49/2	1.0	0	0	Chord	6/8	2	2	1/4		1/4	1	98														
10	9	51/2	51/2	0.5	1/4	1/4	Chord	6/8	2	2	1/8		1/8	1	99									19					
10	9	26	26	1.0	3/8	3/8	Chord	6/8	2	2	1/4		1/4	1	100														
10	9	27	27	0.5	5/8	5/8	Chord	6/8	2	2	1/8		1/8	1	101									20					
10	9	49/2	49/2	1.0	0	0	Chord	6/8	3	1	1/4		1/4	1	102														
10	9	51/2	51/2	0.5	1/4	1/4	Chord	6/8	3	1	1/8		1/8	1	103									21					
10	9	26	26	1.0	3/8	3/8	Chord	6/8	3	1	1/4		1/4	1	104														
10	9	27	27	0.5	5/8	5/8	Chord	6/8	3	1	1/8		1/8	1	105									22					
10	9	49/2	49/2	0.5	0	0	Chord	6/8	3	2	1/8		1/8	1	106														
10	9	25	25	1.5	1/8	1/8	Chord	6/8	3	2	3/8		1/4	3/2	107														
10	9	53/2	53/2	1.0	1/2	1/2	Chord	6/8	3	2	1/4		1/4	1	108														
11	10	55/2	55/2	1.0	0	0	Chord	6/8	1	1	1/4		1/4	1	109	Korn,													
11	10	30	30	0.0	5/8	5/8	Dynamic	6/8	1	1	0						mf												
11	10	30	30	0.5	5/8	5/8	Chord	6/8	1	1	1/8		1/8	1	110	die													
11	10	55/2	55/2	1.0	0	0	Chord	6/8	2	1	1/4		1/4	1	111														
11	10	57/2	57/2	0.0	1/4	1/4	Chord	6/8	2	1	0	acciaccatura	1/8	1	112														
11	10	57/2	57/2	0.5	1/4	1/4	Chord	6/8	2	1	1/8		1/8	1	113														
11	10	29	29	1.0	3/8	3/8	Chord	6/8	2	1	1/4		1/4	1	114														
11	10	55/2	55/2	1.0	0	0	Chord	6/8	2	2	1/4		1/4	1	115														
11	10	57/2	57/2	0.5	1/4	1/4	Chord	6/8	2	2	1/8		1/8	1	116									23					
11	10	29	29	1.0	3/8	3/8	Chord	6/8	2	2	1/4		1/4	1	117														
11	10	55/2	55/2	1.0	0	0	Chord	6/8	3	1	1/4		1/4	1	118														
11	10	57/2	57/2	0.5	1/4	1/4	Chord	6/8	3	1	1/8		1/8	1	119									24					
11	10	29	29	1.0	3/8	3/8	Chord	6/8	3	1	1/4		1/4	1	120														
11	10	55/2	55/2	0.5	0	0	Chord	6/8	3	2	1/8		1/8	1	121														
11	10	28	28	1.5	1/8	1/8	Chord	6/8	3	2	3/8		1/4	3/2	122														
11	10	59/2	59/2	1.0	1/2	1/2	Chord	6/8	3	2	1/4		1/4	1	123														
12	11	61/2	61/2	1.0	0	0	Chord	6/8	1	1	1/4		1/4	1	124	Ler-													
12	11	63/2	63/2	0.5	1/4	1/4	Chord	6/8	1	1	1/8		1/8	1	125	-che													
12	11	32	32	1.0	3/8	3/8	Chord	6/8	1	1	1/4		1/4	1	126	jauchzt													
12	11	33	33	0.5	5/8	5/8	Chord	6/8	1	1	1/8		1/8	1	127	mit													
12	11	61/2	61/2	1.5	0	0	Chord	6/8	2	1	3/8		1/4	3/2	128														
12	11	32	32	1.5	3/8	3/8	Chord	6/8	2	1	3/8		1/4	3/2	129														
12	11	31	31	1.0	1/8	1/8	Chord	6/8	3	1	1/4		1/4	1	130														
12	11	65/2	65/2	1.0	1/2	1/2	Chord	6/8	3	1	1/4		1/4	1	131														
13	12	67/2	67/2	0.5	0	0	Chord	6/8	1	1	1/8		1/8	1	132	Ju-								25					
13	12	34	34	0.5	1/8	1/8	Chord	6/8	1	1	1/8		1/8	1	133														
13	12	69/2	69/2	0.5	1/4	1/4	Chord	6/8	1	1	1/8		1/8	1	134	-bel-													
13	12	35	35	1.0	3/8	3/8	Chord	6/8	1	1	1/4		1/4	1	135	-schlag													
13	12	36	36	0.5	5/8	5/8	Chord	6/8	1	1	1/8		1/8	1	136	wohl													
13	12	67/2	67/2	1.5	0	0	Chord	6/8	2	1	3/8		1/4	3/2	137														
13	12	35	35	1.5	3/8	3/8	Chord	6/8	2	1	3/8		1/4	3/2	138														
13	12	34	34	1.0	1/8	1/8	Chord	6/8	3	1	1/4		1/4	1	139														
13	12	71/2	71/2	1.0	1/2	1/2	Chord	6/8	3	1	1/4		1/4	1	140														
14	13	73/2	73/2	1.0	0	0	Chord	6/8	1	1	1/4		1/4	1	141	√º-													
14	13	75/2	75/2	0.5	1/4	1/4	Chord	6/8	1	1	1/8		1/8	1	142	-berm													
14	13	38	38	0.0	3/8	3/8	Spanner	6/8	1	1	0																	0	
14	13	38	38	0.5	3/8	3/8	Chord	6/8	1	1	1/8		1/8	1	143	hel-								26				0	
14	13	77/2	77/2	0.5	1/2	1/2	Chord	6/8	1	1	1/8		1/8	1	144													0	
14	13	39	39	0.5	5/8	5/8	Chord	6/8	1	1	1/8		1/8	1	145	-len,												0	
14	13	73/2	73/2	1.5	0	0	Chord	6/8	2	1	3/8		1/4	3/2	146														
14	13	38	38	0.0	3/8	3/8	Spanner	6/8	2	1	0																	1	
14	13	38	38	1.5	3/8	3/8	Chord	6/8	2	1	3/8		1/4	3/2	147													1	
14	13	73/2	73/2	3.0	0	0	Chord	6/8	3	1	3/4		1/2	3/2	148														
15	14	79/2	79/2	1.0	0	0	Chord	6/8	1	1	1/4		1/4	1	149	gr√º-												0	
15	14	81/2	81/2	0.5	1/4	1/4	Chord	6/8	1	1	1/8		1/8	1	150	-nen												0	
15	14	41	41	1.0	3/8	3/8	Chord	6/8	1	1	1/4		1/4	1	151	Hag,												0	
15	14	42	42	0.0	5/8	5/8	Spanner	6/8	1	1	0																		
15	14	79/2	79/2	1.5	0	0	Chord	6/8	2	1	3/8		1/4	3/2	152													1	
15	14	41	41	1.0	3/8	3/8	Chord	6/8	2	1	1/4		1/4	1	153													1	
15	14	42	42	0.0	5/8	5/8	Dynamic	6/8	2	1	0						f												
15	14	42	42	0.0	5/8	5/8	Spanner	6/8	2	1	0																		
15	14	42	42	0.5	5/8	5/8	Chord	6/8	2	1	1/8		1/8	1	154														
15	14	79/2	79/2	1.5	0	0	Chord	6/8	3	1	3/8		1/4	3/2	155														
15	14	41	41	1.0	3/8	3/8	Chord	6/8	3	1	1/4		1/4	1	156														
15	14	42	42	0.5	5/8	5/8	Chord	6/8	3	1	1/8		1/8	1	157														
16	15	85/2	85/2	1.0	0	0	Chord	6/8	2	1	1/4		1/4	1	158														
16	15	87/2	87/2	0.5	1/4	1/4	Chord	6/8	2	1	1/8		1/8	1	159														
16	15	44	44	1.0	3/8	3/8	Chord	6/8	2	1	1/4		1/4	1	160														
16	15	45	45	0.5	5/8	5/8	Chord	6/8	2	1	1/8		1/8	1	161														
16	15	85/2	85/2	1.0	0	0	Chord	6/8	3	1	1/4		1/4	1	162														
16	15	87/2	87/2	0.5	1/4	1/4	Chord	6/8	3	1	1/8		1/8	1	163														
16	15	44	44	1.0	3/8	3/8	Chord	6/8	3	1	1/4		1/4	1	164														
16	15	45	45	0.5	5/8	5/8	Chord	6/8	3	1	1/8		1/8	1	165														
17	16	48	48	0.0	5/8	5/8	Dynamic	6/8	1	1	0						f												
17	16	48	48	0.5	5/8	5/8	Chord	6/8	1	1	1/8		1/8	1	166	der													
17	16	91/2	91/2	1.0	0	0	Chord	6/8	2	1	1/4		1/4	1	167														
17	16	93/2	93/2	0.0	1/4	1/4	Chord	6/8	2	1	0	acciaccatura	1/8	1	168														
17	16	93/2	93/2	0.5	1/4	1/4	Chord	6/8	2	1	1/8		1/8	1	169														
17	16	47	47	1.0	3/8	3/8	Chord	6/8	2	1	1/4		1/4	1	170														
17	16	48	48	0.5	5/8	5/8	Chord	6/8	2	1	1/8		1/8	1	171														
17	16	91/2	91/2	1.0	0	0	Chord	6/8	3	1	1/4		1/4	1	172														
17	16	93/2	93/2	0.5	1/4	1/4	Chord	6/8	3	1	1/8		1/8	1	173														
17	16	47	47	1.0	3/8	3/8	Chord	6/8	3	1	1/4		1/4	1	174														
17	16	48	48	0.5	5/8	5/8	Chord	6/8	3	1	1/8		1/8	1	175														
18	17	97/2	97/2	1.0	0	0	Chord	6/8	1	1	1/4		1/4	1	176	J√§-													
18	17	99/2	99/2	0.5	1/4	1/4	Chord	6/8	1	1	1/8		1/8	1	177	-ger													
18	17	50	50	0.5	3/8	3/8	Chord	6/8	1	1	1/8		1/8	1	178	bl√§st								27					
18	17	101/2	101/2	0.5	1/2	1/2	Chord	6/8	1	1	1/8		1/8	1	179														
18	17	51	51	0.5	5/8	5/8	Chord	6/8	1	1	1/8		1/8	1	180	in's													
18	17	97/2	97/2	1.0	0	0	Chord	6/8	2	1	1/4		1/4	1	181														
18	17	99/2	99/2	0.5	1/4	1/4	Chord	6/8	2	1	1/8		1/8	1	182														
18	17	50	50	1.0	3/8	3/8	Chord	6/8	2	1	1/4		1/4	1	183														
18	17	51	51	0.5	5/8	5/8	Chord	6/8	2	1	1/8		1/8	1	184														
18	17	97/2	97/2	1.0	0	0	Chord	6/8	3	1	1/4		1/4	1	185														
18	17	99/2	99/2	0.5	1/4	1/4	Chord	6/8	3	1	1/8		1/8	1	186														
18	17	50	50	1.0	3/8	3/8	Chord	6/8	3	1	1/4		1/4	1	187														
18	17	51	51	0.5	5/8	5/8	Chord	6/8	3	1	1/8		1/8	1	188														
19	18	103/2	103/2	1.5	0	0	Chord	6/8	1	1	3/8		1/4	3/2	189	Horn.													
19	18	103/2	103/2	1.5	0	0	Chord	6/8	2	1	3/8		1/4	3/2	190														
19	18	53	53	0.0	3/8	3/8	Dynamic	6/8	2	1	0						mf												
19	18	54	54	0.5	5/8	5/8	Chord	6/8	2	1	1/8		1/8	1	191														
19	18	103/2	103/2	1.5	0	0	Chord	6/8	3	1	3/8		1/4	3/2	192														
19	18	53	53	1.5	3/8	3/8	Chord	6/8	3	1	3/8		1/4	3/2	193														
20	19	109/2	109/2	1.0	0	0	Chord	6/8	2	1	1/4		1/4	1	194														
20	19	111/2	111/2	0.5	1/4	1/4	Chord	6/8	2	1	1/8		1/8	1	195														
20	19	56	56	1.0	3/8	3/8	Chord	6/8	2	1	1/4		1/4	1	196														
20	19	57	57	0.5	5/8	5/8	Chord	6/8	2	1	1/8		1/8	1	197														
20	19	109/2	109/2	3.0	0	0	Chord	6/8	3	1	3/4		1/2	3/2	198														
21	20	115/2	115/2	1.0	0	0	Chord	6/8	2	1	1/4		1/4	1	199														
21	20	117/2	117/2	0.5	1/4	1/4	Chord	6/8	2	1	1/8		1/8	1	200														
21	20	59	59	1.0	3/8	3/8	Chord	6/8	2	1	1/4		1/4	1	201														
21	20	60	60	0.5	5/8	5/8	Chord	6/8	2	1	1/8		1/8	1	202									28					
21	20	58	58	0.0	1/8	1/8	Chord	6/8	3	1	0	acciaccatura	1/8	1	203														
21	20	58	58	1.0	1/8	1/8	Chord	6/8	3	1	1/4		1/4	1	204														
22	21	121/2	121/2	1.0	0	0	Chord	6/8	2	1	1/4		1/4	1	205														
22	21	123/2	123/2	0.5	1/4	1/4	Chord	6/8	2	1	1/8		1/8	1	206														
22	21	62	62	1.0	3/8	3/8	Chord	6/8	2	1	1/4		1/4	1	207														
22	21	63	63	0.5	5/8	5/8	Chord	6/8	2	1	1/8		1/8	1	208														
22	21	61	61	0.0	1/8	1/8	Chord	6/8	3	1	0	acciaccatura	1/8	1	209														
22	21	61	61	1.0	1/8	1/8	Chord	6/8	3	1	1/4		1/4	1	210														
22	21	125/2	125/2	0.0	1/2	1/2	Chord	6/8	3	1	0	acciaccatura	1/8	1	211														
22	21	125/2	125/2	1.0	1/2	1/2	Chord	6/8	3	1	1/4		1/4	1	212														
23	22	66	66	0.0	5/8	5/8	Dynamic	6/8	1	1	0						p												
23	22	66	66	0.5	5/8	5/8	Chord	6/8	1	1	1/8		1/8	1	213	Frau													
23	22	127/2	127/2	0.75	0	0	Chord	6/8	2	1	3/16		1/8	3/2	214														
23	22	257/4	257/4	0.25	3/16	3/16	Chord	6/8	2	1	1/16		1/16	1	215														
23	22	129/2	129/2	0.5	1/4	1/4	Chord	6/8	2	1	1/8		1/8	1	216														
23	22	65	65	1.0	3/8	3/8	Chord	6/8	2	1	1/4		1/4	1	217														
23	22	66	66	0.5	5/8	5/8	Chord	6/8	2	1	1/8		1/8	1	218														
23	22	127/2	127/2	1.5	0	0	Chord	6/8	3	1	3/8		1/4	3/2	219														
23	22	65	65	1.0	3/8	3/8	Chord	6/8	3	1	1/4		1/4	1	220														
24	23	133/2	133/2	1.0	0	0	Chord	6/8	1	1	1/4		1/4	1	221	Nach-													
24	23	135/2	135/2	0.5	1/4	1/4	Chord	6/8	1	1	1/8		1/8	1	222	-ti-													
24	23	68	68	1.0	3/8	3/8	Chord	6/8	1	1	1/4		1/4	1	223	-gall													
24	23	69	69	0.5	5/8	5/8	Chord	6/8	1	1	1/8		1/8	1	224	ruft													
24	23	133/2	133/2	0.5	0	0	Chord	6/8	2	1	1/8		1/8	1	225														
24	23	135/2	135/2	0.5	1/4	1/4	Chord	6/8	2	1	1/8		1/8	1	226														
24	23	68	68	0.5	3/8	3/8	Chord	6/8	2	1	1/8		1/8	1	227														
24	23	69	69	0.5	5/8	5/8	Chord	6/8	2	1	1/8		1/8	1	228														
24	23	67	67	1.0	1/8	1/8	Chord	6/8	3	1	1/4		1/4	1	229														
24	23	137/2	137/2	1.0	1/2	1/2	Chord	6/8	3	1	1/4		1/4	1	230														
25	24	139/2	139/2	0.5	0	0	Chord	6/8	1	1	1/8		1/8	1	231	s√º-								29					
25	24	70	70	0.0	1/8	1/8	Chord	6/8	1	1	0	grace16	1/16	1	232														
25	24	70	70	0.0	1/8	1/8	Chord	6/8	1	1	0	grace16	1/16	1	233														
25	24	70	70	0.5	1/8	1/8	Chord	6/8	1	1	1/8		1/8	1	234														
25	24	141/2	141/2	0.5	1/4	1/4	Chord	6/8	1	1	1/8		1/8	1	235	-ssen													
25	24	71	71	1.0	3/8	3/8	Chord	6/8	1	1	1/4		1/4	1	236	Schall,													
25	24	139/2	139/2	0.5	0	0	Chord	6/8	2	1	1/8		1/8	1	237														
25	24	141/2	141/2	0.5	1/4	1/4	Chord	6/8	2	1	1/8		1/8	1	238														
25	24	71	71	0.5	3/8	3/8	Chord	6/8	2	1	1/8		1/8	1	239														
25	24	72	72	0.5	5/8	5/8	Chord	6/8	2	1	1/8		1/8	1	240														
25	24	70	70	1.0	1/8	1/8	Chord	6/8	3	1	1/4		1/4	1	241														
25	24	143/2	143/2	1.0	1/2	1/2	Chord	6/8	3	1	1/4		1/4	1	242														
26	25	147/2	147/2	0.5	1/4	1/4	Chord	6/8	1	1	1/8		1/8	1	243	durch's													
26	25	74	74	1.0	3/8	3/8	Chord	6/8	1	1	1/4		1/4	1	244	Laub													
26	25	75	75	0.5	5/8	5/8	Chord	6/8	1	1	1/8		1/8	1	245	ein													
26	25	145/2	145/2	1.0	0	0	Chord	6/8	2	1	1/4		1/4	1	246														
26	25	147/2	147/2	0.5	1/4	1/4	Chord	6/8	2	1	1/8		1/8	1	247														
26	25	74	74	1.0	3/8	3/8	Chord	6/8	2	1	1/4		1/4	1	248														
26	25	75	75	0.5	5/8	5/8	Chord	6/8	2	1	1/8		1/8	1	249														
26	25	145/2	145/2	1.0	0	0	Chord	6/8	2	2	1/4		1/4	1	250														
26	25	147/2	147/2	0.5	1/4	1/4	Chord	6/8	2	2	1/8		1/8	1	251														
26	25	74	74	1.0	3/8	3/8	Chord	6/8	2	2	1/4		1/4	1	252														
26	25	75	75	0.5	5/8	5/8	Chord	6/8	2	2	1/8		1/8	1	253														
26	25	73	73	1.5	1/8	1/8	Chord	6/8	3	1	3/8		1/4	3/2	254														
26	25	149/2	149/2	1.0	1/2	1/2	Chord	6/8	3	1	1/4		1/4	1	255														
27	26	151/2	151/2	1.0	0	0	Chord	6/8	1	1	1/4		1/4	1	256	Fl√º-													
27	26	153/2	153/2	0.5	1/4	1/4	Chord	6/8	1	1	1/8		1/8	1	257	-stern¬†													
27	26	77	77	1.0	3/8	3/8	Chord	6/8	1	1	1/4		1/4	1	258	zieht,													
27	26	151/2	151/2	0.16666666666666666	0	0	Chord	6/8	2	1	1/24		1/16	2/3	259									30					
27	26	227/3	227/3	0.16666666666666666	1/24	1/24	Chord	6/8	2	1	1/24		1/16	2/3	260									30					
27	26	455/6	455/6	0.16666666666666666	1/12	1/12	Chord	6/8	2	1	1/24		1/16	2/3	261									30					
27	26	76	76	0.5	1/8	1/8	Chord	6/8	2	1	1/8		1/8	1	262														
27	26	153/2	153/2	0.5	1/4	1/4	Chord	6/8	2	1	1/8		1/8	1	263														
27	26	77	77	1.0	3/8	3/8	Chord	6/8	2	1	1/4		1/4	1	264														
27	26	78	78	0.0	5/8	5/8	Dynamic	6/8	2	1	0						f												
27	26	78	78	0.5	5/8	5/8	Chord	6/8	2	1	1/8		1/8	1	265														
27	26	151/2	151/2	1.0	0	0	Chord	6/8	2	2	1/4		1/4	1	266														
27	26	153/2	153/2	0.5	1/4	1/4	Chord	6/8	2	2	1/8		1/8	1	267														
27	26	77	77	1.0	3/8	3/8	Chord	6/8	2	2	1/4		1/4	1	268														
27	26	151/2	151/2	0.5	0	0	Chord	6/8	3	1	1/8		1/8	1	269														
27	26	76	76	1.5	1/8	1/8	Chord	6/8	3	1	3/8		1/4	3/2	270														
27	26	155/2	155/2	0.5	1/2	1/2	Chord	6/8	3	1	1/8		1/8	1	271														
28	27	81	81	0.0	5/8	5/8	Dynamic	6/8	1	1	0						f												
28	27	81	81	0.5	5/8	5/8	Chord	6/8	1	1	1/8		1/8	1	272	das													
28	27	157/2	157/2	1.0	0	0	Chord	6/8	2	1	1/4		1/4	1	273														
28	27	159/2	159/2	0.5	1/4	1/4	Chord	6/8	2	1	1/8		1/8	1	274														
28	27	80	80	0.5	3/8	3/8	Chord	6/8	2	1	1/8		1/8	1	275														
28	27	161/2	161/2	0.5	1/2	1/2	Chord	6/8	2	1	1/8		1/8	1	276														
28	27	81	81	0.5	5/8	5/8	Chord	6/8	2	1	1/8		1/8	1	277														
29	28	163/2	163/2	1.0	0	0	Chord	6/8	1	1	1/4		1/4	1	278	E-													
29	28	165/2	165/2	0.5	1/4	1/4	Chord	6/8	1	1	1/8		1/8	1	279	-cho													
29	28	83	83	1.0	3/8	3/8	Chord	6/8	1	1	1/4		1/4	1	280	t√∂nt													
29	28	84	84	0.5	5/8	5/8	Chord	6/8	1	1	1/8		1/8	1	281	im													
29	28	163/2	163/2	1.5	0	0	Chord	6/8	2	1	3/8		1/4	3/2	282														
29	28	83	83	1.0	3/8	3/8	Chord	6/8	2	1	1/4		1/4	1	283														
29	28	84	84	0.5	5/8	5/8	Chord	6/8	2	1	1/8		1/8	1	284														
30	29	169/2	169/2	0.0	0	0	Spanner	6/8	1	1	0																0		
30	29	169/2	169/2	1.5	0	0	Chord	6/8	1	1	3/8		1/4	3/2	285	Wi-											0		
30	29	86	86	1.0	3/8	3/8	Chord	6/8	1	1	1/4		1/4	1	286												0		
30	29	87	87	0.5	5/8	5/8	Chord	6/8	1	1	1/8		1/8	1	287	-der-											0		
30	29	169/2	169/2	0.0	0	0	Spanner	6/8	2	1	0																1		
30	29	169/2	169/2	1.0	0	0	Chord	6/8	2	1	1/4		1/4	1	288												1		
30	29	171/2	171/2	0.5	1/4	1/4	Chord	6/8	2	1	1/8		1/8	1	289												1		
30	29	86	86	0.5	3/8	3/8	Chord	6/8	2	1	1/8		1/8	1	290												1		
30	29	173/2	173/2	0.5	1/2	1/2	Chord	6/8	2	1	1/8		1/8	1	291												1		
30	29	87	87	0.5	5/8	5/8	Chord	6/8	2	1	1/8		1/8	1	292												1		
31	30	175/2	175/2	3.0	0	0	Chord	6/8	1	1	3/4		1/2	3/2	293	-hall, 											0		
31	30	175/2	175/2	1.0	0	0	Chord	6/8	2	1	1/4		1/4	1	294												1		
31	30	177/2	177/2	0.5	1/4	1/4	Chord	6/8	2	1	1/8		1/8	1	295												1		
31	30	89	89	0.5	3/8	3/8	Chord	6/8	2	1	1/8		1/8	1	296												1		
31	30	179/2	179/2	0.5	1/2	1/2	Chord	6/8	2	1	1/8		1/8	1	297												1		
31	30	90	90	0.5	5/8	5/8	Chord	6/8	2	1	1/8		1/8	1	298												1		
32	31	181/2	181/2	0.0	0	0	Spanner	6/8	1	1	0																		
32	31	181/2	181/2	1.0	0	0	Chord	6/8	1	1	1/4		1/4	1	299														
32	31	181/2	181/2	0.0	0	0	Dynamic	6/8	2	1	0						p												
32	31	181/2	181/2	0.0	0	0	Spanner	6/8	2	1	0																		
32	31	181/2	181/2	1.0	0	0	Chord	6/8	2	1	1/4		1/4	1	300														
32	31	183/2	183/2	0.5	1/4	1/4	Chord	6/8	2	1	1/8		1/8	1	301														
32	31	92	92	0.5	3/8	3/8	Chord	6/8	2	1	1/8		1/8	1	302														
32	31	185/2	185/2	0.5	1/2	1/2	Chord	6/8	2	1	1/8		1/8	1	303														
32	31	93	93	0.5	5/8	5/8	Chord	6/8	2	1	1/8		1/8	1	304														
33	32	189/2	189/2	0.5	1/4	1/4	Chord	6/8	1	1	1/8		1/8	1	305	es													
33	32	95	95	0.0	3/8	3/8	Spanner	6/8	1	1	0																		0
33	32	95	95	1.0	3/8	3/8	Chord	6/8	1	1	1/4		1/4	1	306	klingt													0
33	32	96	96	0.5	5/8	5/8	Chord	6/8	1	1	1/8		1/8	1	307	und													0
33	32	187/2	187/2	1.0	0	0	Chord	6/8	2	1	1/4		1/4	1	308														
33	32	95	95	0.0	3/8	3/8	Spanner	6/8	2	1	0																		1
33	32	95	95	1.5	3/8	3/8	Chord	6/8	2	1	3/8		1/4	3/2	309														1
33	32	95	95	1.5	3/8	3/8	Chord	6/8	3	1	3/8		1/4	3/2	310														
34	33	193/2	193/2	0.5	0	0	Chord	6/8	1	1	1/8		1/8	1	311	singt								31					0
34	33	97	97	0.5	1/8	1/8	Chord	6/8	1	1	1/8		1/8	1	312														0
34	33	195/2	195/2	0.5	1/4	1/4	Chord	6/8	1	1	1/8		1/8	1	313	all													0
34	33	98	98	1.0	3/8	3/8	Chord	6/8	1	1	1/4		1/4	1	314	√º-													0
34	33	99	99	0.5	5/8	5/8	Chord	6/8	1	1	1/8		1/8	1	315	-ber-													0
34	33	193/2	193/2	1.5	0	0	Chord	6/8	2	1	3/8		1/4	3/2	316														1
34	33	98	98	1.5	3/8	3/8	Chord	6/8	2	1	3/8		1/4	3/2	317														1
34	33	193/2	193/2	1.5	0	0	Chord	6/8	3	1	3/8		1/4	3/2	318														
34	33	98	98	1.5	3/8	3/8	Chord	6/8	3	1	3/8		1/4	3/2	319														
35	34	199/2	199/2	0.0	0	0	Spanner	6/8	1	1	0																		
35	34	199/2	199/2	3.0	0	0	Chord	6/8	1	1	3/4		1/2	3/2	320	-all,													
35	34	199/2	199/2	0.0	0	0	Dynamic	6/8	2	1	0						f												
35	34	199/2	199/2	0.0	0	0	Spanner	6/8	2	1	0																		
35	34	199/2	199/2	1.0	0	0	Chord	6/8	2	1	1/4		1/4	1	321														
35	34	201/2	201/2	0.5	1/4	1/4	Chord	6/8	2	1	1/8		1/8	1	322														
35	34	101	101	1.0	3/8	3/8	Chord	6/8	2	1	1/4		1/4	1	323														
35	34	102	102	0.5	5/8	5/8	Chord	6/8	2	1	1/8		1/8	1	324														
35	34	199/2	199/2	0.0	0	0	Spanner	6/8	3	1	0														0	0			
35	34	199/2	199/2	1.0	0	0	Chord	6/8	3	1	1/4		1/4	1	325										0	0			
35	34	201/2	201/2	0.5	1/4	1/4	Chord	6/8	3	1	1/8		1/8	1	326										0	0			
35	34	101	101	1.0	3/8	3/8	Chord	6/8	3	1	1/4		1/4	1	327										0	0			
35	34	102	102	0.5	5/8	5/8	Chord	6/8	3	1	1/8		1/8	1	328										0	0			
36	35	205/2	205/2	1.5	0	0	Chord	6/8	1	1	3/8		1/4	3/2	329														
36	35	105	105	0.5	5/8	5/8	Chord	6/8	1	1	1/8		1/8	1	330	das													
36	35	205/2	205/2	1.0	0	0	Chord	6/8	2	1	1/4		1/4	1	331														
36	35	207/2	207/2	0.5	1/4	1/4	Chord	6/8	2	1	1/8		1/8	1	332														
36	35	104	104	0.5	3/8	3/8	Chord	6/8	2	1	1/8		1/8	1	333														
36	35	209/2	209/2	0.5	1/2	1/2	Chord	6/8	2	1	1/8		1/8	1	334														
36	35	105	105	0.5	5/8	5/8	Chord	6/8	2	1	1/8		1/8	1	335														
36	35	205/2	205/2	1.0	0	0	Chord	6/8	3	1	1/4		1/4	1	336										0	0			
36	35	207/2	207/2	0.5	1/4	1/4	Chord	6/8	3	1	1/8		1/8	1	337										0	0			
36	35	104	104	0.5	3/8	3/8	Chord	6/8	3	1	1/8		1/8	1	338										0	0			
36	35	209/2	209/2	0.5	1/2	1/2	Chord	6/8	3	1	1/8		1/8	1	339										0	0			
36	35	105	105	0.5	5/8	5/8	Chord	6/8	3	1	1/8		1/8	1	340										0	0			
37	36	211/2	211/2	1.5	0	0	Chord	6/8	1	1	3/8		1/4	3/2	341	ist 													
37	36	107	107	1.0	3/8	3/8	Chord	6/8	1	1	1/4		1/4	1	342														
37	36	108	108	0.5	5/8	5/8	Chord	6/8	1	1	1/8		1/8	1	343	ein													
37	36	211/2	211/2	1.0	0	0	Chord	6/8	2	1	1/4		1/4	1	344														
37	36	213/2	213/2	0.5	1/4	1/4	Chord	6/8	2	1	1/8		1/8	1	345														
37	36	107	107	1.0	3/8	3/8	Chord	6/8	2	1	1/4		1/4	1	346														
37	36	108	108	0.5	5/8	5/8	Chord	6/8	2	1	1/8		1/8	1	347														
37	36	211/2	211/2	0.0	0	0	Spanner	6/8	3	1	0																		
37	36	211/2	211/2	0.0	0	0	Spanner	6/8	3	1	0														1	1			
37	36	211/2	211/2	1.0	0	0	Chord	6/8	3	1	1/4		1/4	1	348										1	1			
37	36	213/2	213/2	0.5	1/4	1/4	Chord	6/8	3	1	1/8		1/8	1	349										1	1			
37	36	107	107	1.0	3/8	3/8	Chord	6/8	3	1	1/4		1/4	1	350										1	1			
37	36	108	108	0.5	5/8	5/8	Chord	6/8	3	1	1/8		1/8	1	351										1	1			
38	37	217/2	217/2	1.5	0	0	Chord	6/8	1	1	3/8		1/4	3/2	352	Fr√ºh-													
38	37	110	110	1.5	3/8	3/8	Chord	6/8	1	1	3/8		1/4	3/2	353	-lings-													
38	37	217/2	217/2	1.0	0	0	Chord	6/8	2	1	1/4		1/4	1	354														
38	37	219/2	219/2	0.5	1/4	1/4	Chord	6/8	2	1	1/8		1/8	1	355														
38	37	110	110	0.5	3/8	3/8	Chord	6/8	2	1	1/8		1/8	1	356														
38	37	221/2	221/2	0.5	1/2	1/2	Chord	6/8	2	1	1/8		1/8	1	357														
38	37	111	111	0.5	5/8	5/8	Chord	6/8	2	1	1/8		1/8	1	358														
38	37	217/2	217/2	1.0	0	0	Chord	6/8	3	1	1/4		1/4	1	359										1	1			
38	37	219/2	219/2	0.5	1/4	1/4	Chord	6/8	3	1	1/8		1/8	1	360										1	1			
38	37	110	110	0.5	3/8	3/8	Chord	6/8	3	1	1/8		1/8	1	361										1	1			
38	37	221/2	221/2	0.5	1/2	1/2	Chord	6/8	3	1	1/8		1/8	1	362										1	1			
38	37	111	111	0.5	5/8	5/8	Chord	6/8	3	1	1/8		1/8	1	363										1	1			
39	38	223/2	223/2	1.0	0	0	Chord	6/8	1	1	1/4		1/4	1	364	-lied,													
39	38	113	113	0.0	3/8	3/8	Dynamic	6/8	1	1	0						f												
39	38	113	113	1.5	3/8	3/8	Chord	6/8	1	1	3/8		1/4	3/2	365	das													
39	38	223/2	223/2	1.0	0	0	Chord	6/8	2	1	1/4		1/4	1	366														
39	38	225/2	225/2	0.5	1/4	1/4	Chord	6/8	2	1	1/8		1/8	1	367														
39	38	113	113	0.5	3/8	3/8	Chord	6/8	2	1	1/8		1/8	1	368														
39	38	227/2	227/2	0.5	1/2	1/2	Chord	6/8	2	1	1/8		1/8	1	369														
39	38	114	114	0.5	5/8	5/8	Chord	6/8	2	1	1/8		1/8	1	370														
39	38	223/2	223/2	0.0	0	0	Spanner	6/8	3	1	0																		
39	38	223/2	223/2	0.0	0	0	Spanner	6/8	3	1	0														2	2			
39	38	223/2	223/2	1.0	0	0	Chord	6/8	3	1	1/4		1/4	1	371										2	2			
39	38	225/2	225/2	0.5	1/4	1/4	Chord	6/8	3	1	1/8		1/8	1	372										2	2			
39	38	113	113	0.5	3/8	3/8	Chord	6/8	3	1	1/8		1/8	1	373										2	2			
39	38	227/2	227/2	0.5	1/2	1/2	Chord	6/8	3	1	1/8		1/8	1	374										2	2			
39	38	114	114	0.5	5/8	5/8	Chord	6/8	3	1	1/8		1/8	1	375										2	2			
40	39	229/2	229/2	1.5	0	0	Chord	6/8	1	1	3/8		1/4	3/2	376	ist													
40	39	116	116	1.5	3/8	3/8	Chord	6/8	1	1	3/8		1/4	3/2	377	ein													
40	39	229/2	229/2	0.5	0	0	Chord	6/8	2	1	1/8		1/8	1	378														
40	39	115	115	0.5	1/8	1/8	Chord	6/8	2	1	1/8		1/8	1	379														
40	39	231/2	231/2	0.5	1/4	1/4	Chord	6/8	2	1	1/8		1/8	1	380														
40	39	116	116	0.5	3/8	3/8	Chord	6/8	2	1	1/8		1/8	1	381														
40	39	233/2	233/2	0.5	1/2	1/2	Chord	6/8	2	1	1/8		1/8	1	382														
40	39	117	117	0.5	5/8	5/8	Chord	6/8	2	1	1/8		1/8	1	383														
40	39	229/2	229/2	0.5	0	0	Chord	6/8	3	1	1/8		1/8	1	384										2	2			
40	39	115	115	0.5	1/8	1/8	Chord	6/8	3	1	1/8		1/8	1	385										2	2			
40	39	231/2	231/2	0.5	1/4	1/4	Chord	6/8	3	1	1/8		1/8	1	386										2	2			
40	39	116	116	0.5	3/8	3/8	Chord	6/8	3	1	1/8		1/8	1	387										2	2			
40	39	233/2	233/2	0.5	1/2	1/2	Chord	6/8	3	1	1/8		1/8	1	388										2	2			
40	39	117	117	0.5	5/8	5/8	Chord	6/8	3	1	1/8		1/8	1	389										2	2			
41	40	235/2	235/2	3.0	0	0	Chord	6/8	1	1	3/4		1/2	3/2	390	Fr√ºh-													
41	40	235/2	235/2	0.5	0	0	Chord	6/8	2	1	1/8		1/8	1	391														
41	40	118	118	0.5	1/8	1/8	Chord	6/8	2	1	1/8		1/8	1	392														
41	40	237/2	237/2	0.5	1/4	1/4	Chord	6/8	2	1	1/8		1/8	1	393														
41	40	119	119	0.5	3/8	3/8	Chord	6/8	2	1	1/8		1/8	1	394														
41	40	239/2	239/2	0.5	1/2	1/2	Chord	6/8	2	1	1/8		1/8	1	395														
41	40	120	120	0.5	5/8	5/8	Chord	6/8	2	1	1/8		1/8	1	396														
41	40	235/2	235/2	0.5	0	0	Chord	6/8	3	1	1/8		1/8	1	397										2	2			
41	40	118	118	0.5	1/8	1/8	Chord	6/8	3	1	1/8		1/8	1	398										2	2			
41	40	237/2	237/2	0.5	1/4	1/4	Chord	6/8	3	1	1/8		1/8	1	399										2	2			
41	40	119	119	0.5	3/8	3/8	Chord	6/8	3	1	1/8		1/8	1	400										2	2			
41	40	239/2	239/2	0.5	1/2	1/2	Chord	6/8	3	1	1/8		1/8	1	401										2	2			
41	40	120	120	0.5	5/8	5/8	Chord	6/8	3	1	1/8		1/8	1	402										2	2			
42	41	241/2	241/2	1.5	0	0	Chord	6/8	1	1	3/8		1/4	3/2	403														
42	41	122	122	1.5	3/8	3/8	Chord	6/8	1	1	3/8		1/4	3/2	404	-lings-													
42	41	241/2	241/2	0.5	0	0	Chord	6/8	2	1	1/8		1/8	1	405														
42	41	122	122	0.5	3/8	3/8	Chord	6/8	2	1	1/8		1/8	1	406														
42	41	241/2	241/2	0.5	0	0	Chord	6/8	3	1	1/8		1/8	1	407										2	2			
42	41	243/2	243/2	0.0	1/4	1/4	Spanner	6/8	3	1	0																		
42	41	122	122	0.5	3/8	3/8	Chord	6/8	3	1	1/8		1/8	1	408														
43	42	247/2	247/2	1.0	0	0	Chord	6/8	1	1	1/4		1/4	1	409	-lied.													
43	42	247/2	247/2	0.5	0	0	Chord	6/8	2	1	1/8		1/8	1	410														
43	42	125	125	0.0	3/8	3/8	Dynamic	6/8	2	1	0						mf												
43	42	125	125	0.0	3/8	3/8	Chord	6/8	2	1	0	acciaccatura	1/8	1	411														
43	42	125	125	1.5	3/8	3/8	Chord	6/8	2	1	3/8		1/4	3/2	412			articAccentAbove											
43	42	251/2	251/2	0.0	1/2	1/2	Dynamic	6/8	2	2	0						p												
43	42	126	126	0.5	5/8	5/8	Chord	6/8	2	2	1/8		1/8	1	413														
43	42	247/2	247/2	0.5	0	0	Chord	6/8	3	1	1/8		1/8	1	414														
43	42	126	126	0.5	5/8	5/8	Chord	6/8	3	1	1/8		1/8	1	415			articStaccatoAbove											
44	43	253/2	253/2	0.5	0	0	Chord	6/8	2	1	1/8		1/8	1	416														
44	43	128	128	0.0	3/8	3/8	Dynamic	6/8	2	1	0						p												
44	43	128	128	0.0	3/8	3/8	Chord	6/8	2	1	0	acciaccatura	1/8	1	417														
44	43	128	128	1.5	3/8	3/8	Chord	6/8	2	1	3/8		1/4	3/2	418														
44	43	253/2	253/2	0.5	0	0	Chord	6/8	2	2	1/8		1/8	1	419														
44	43	129	129	0.5	5/8	5/8	Chord	6/8	2	2	1/8		1/8	1	420														
44	43	253/2	253/2	0.5	0	0	Chord	6/8	3	1	1/8		1/8	1	421			articStaccatoAbove											
44	43	129	129	0.5	5/8	5/8	Chord	6/8	3	1	1/8		1/8	1	422			articStaccatoBelow											
45	44	259/2	259/2	0.5	0	0	Chord	6/8	2	1	1/8		1/8	1	423														
45	44	131	131	0.0	3/8	3/8	Dynamic	6/8	2	1	0						pp												
45	44	131	131	0.5	3/8	3/8	Chord	6/8	2	1	1/8		1/8	1	424			articStaccatoAbove											
45	44	259/2	259/2	0.5	0	0	Chord	6/8	2	2	1/8		1/8	1	425														
45	44	259/2	259/2	0.5	0	0	Chord	6/8	3	1	1/8		1/8	1	426			articStaccatoBelow											
45	44	132	132	0.5	5/8	5/8	Chord	6/8	3	1	1/8		1/8	1	427			articStaccatoAbove											
46	45	265/2	265/2	0.5	0	0	Chord	6/8	2	1	1/8		1/8	1	428														
46	45	265/2	265/2	0.5	0	0	Chord	6/8	3	1	1/8		1/8	1	429			articStaccatoAbove											
